id,name,height,weight,base_experience,type1,type2,hp,attack,defense,sp_attack,sp_defense,speed,total_stats,competitive,abilities
1,bulbasaur,7,69,64,grass,poison,45,49,49,65,65,45,318,0,overgrow; chlorophyll
2,ivysaur,10,130,142,grass,poison,60,62,63,80,80,60,405,0,overgrow; chlorophyll
3,venusaur,20,1000,236,grass,poison,80,82,83,100,100,80,525,1,overgrow; chlorophyll
4,charmander,6,85,62,fire,none,39,52,43,60,50,65,309,0,blaze; solar-power
5,charmeleon,11,190,142,fire,none,58,64,58,80,65,80,405,0,blaze; solar-power
6,charizard,17,905,240,fire,flying,78,84,78,109,85,100,534,1,blaze; solar-power
7,squirtle,5,90,63,water,none,44,48,65,50,64,43,314,0,torrent; rain-dish
8,wartortle,10,225,142,water,none,59,63,80,65,80,58,405,0,torrent; rain-dish
9,blastoise,16,855,239,water,none,79,83,100,85,105,78,530,1,torrent; rain-dish
10,caterpie,3,29,39,bug,none,45,30,35,20,20,45,195,0,shield-dust; run-away
11,metapod,7,99,72,bug,none,50,20,55,25,25,30,205,0,shed-skin
12,butterfree,11,320,178,bug,flying,60,45,50,90,80,70,395,0,compound-eyes; tinted-lens
13,weedle,3,32,39,bug,poison,40,35,30,20,20,50,195,0,shield-dust; run-away
14,kakuna,6,100,72,bug,poison,45,25,50,25,25,35,205,0,shed-skin
15,beedrill,10,295,178,bug,poison,65,90,40,45,80,75,395,0,swarm; sniper
16,pidgey,3,18,50,normal,flying,40,45,40,35,35,56,251,0,keen-eye; tangled-feet; big-pecks
17,pidgeotto,11,300,122,normal,flying,63,60,55,50,50,71,349,0,keen-eye; tangled-feet; big-pecks
18,pidgeot,15,395,216,normal,flying,83,80,75,70,70,101,479,0,keen-eye; tangled-feet; big-pecks
19,rattata,3,35,51,normal,none,30,56,35,25,35,72,253,0,run-away; guts; hustle
20,raticate,7,185,145,normal,none,55,81,60,50,70,97,413,0,run-away; guts; hustle
21,spearow,3,20,52,normal,flying,40,60,30,31,31,70,262,0,keen-eye; sniper
22,fearow,12,380,155,normal,flying,65,90,65,61,61,100,442,0,keen-eye; sniper
23,ekans,20,69,58,poison,none,35,60,44,40,54,55,288,0,intimidate; shed-skin; unnerve
24,arbok,35,650,157,poison,none,60,95,69,65,79,80,448,0,intimidate; shed-skin; unnerve
25,pikachu,4,60,112,electric,none,35,55,40,50,50,90,320,0,static; lightning-rod
26,raichu,8,300,218,electric,none,60,90,55,90,80,110,485,0,static; lightning-rod
27,sandshrew,6,120,60,ground,none,50,75,85,20,30,40,300,0,sand-veil; sand-rush
28,sandslash,10,295,158,ground,none,75,100,110,45,55,65,450,0,sand-veil; sand-rush
29,nidoran-f,4,70,55,poison,none,55,47,52,40,40,41,275,0,poison-point; rivalry; hustle
30,nidorina,8,200,128,poison,none,70,62,67,55,55,56,365,0,poison-point; rivalry; hustle
31,nidoqueen,13,600,227,poison,ground,90,92,87,75,85,76,505,1,poison-point; rivalry; sheer-force
32,nidoran-m,5,90,55,poison,none,46,57,40,40,40,50,273,0,poison-point; rivalry; hustle
33,nidorino,9,195,128,poison,none,61,72,57,55,55,65,365,0,poison-point; rivalry; hustle
34,nidoking,14,620,227,poison,ground,81,102,77,85,75,85,505,1,poison-point; rivalry; sheer-force
35,clefairy,6,75,113,fairy,none,70,45,48,60,65,35,323,0,cute-charm; magic-guard; friend-guard
36,clefable,13,400,217,fairy,none,95,70,73,95,90,60,483,0,cute-charm; magic-guard; unaware
37,vulpix,6,99,60,fire,none,38,41,40,50,65,65,299,0,flash-fire; drought
38,ninetales,11,199,177,fire,none,73,76,75,81,100,100,505,1,flash-fire; drought
39,jigglypuff,5,55,95,normal,fairy,115,45,20,45,25,20,270,0,cute-charm; competitive; friend-guard
40,wigglytuff,10,120,196,normal,fairy,140,70,45,85,50,45,435,0,cute-charm; competitive; frisk
41,zubat,8,75,49,poison,flying,40,45,35,30,40,55,245,0,inner-focus; infiltrator
42,golbat,16,550,159,poison,flying,75,80,70,65,75,90,455,0,inner-focus; infiltrator
43,oddish,5,54,64,grass,poison,45,50,55,75,65,30,320,0,chlorophyll; run-away
44,gloom,8,86,138,grass,poison,60,65,70,85,75,40,395,0,chlorophyll; stench
45,vileplume,12,186,221,grass,poison,75,80,85,110,90,50,490,0,chlorophyll; effect-spore
46,paras,3,54,57,bug,grass,35,70,55,45,55,25,285,0,effect-spore; dry-skin; damp
47,parasect,10,295,142,bug,grass,60,95,80,60,80,30,405,0,effect-spore; dry-skin; damp
48,venonat,10,300,61,bug,poison,60,55,50,40,55,45,305,0,compound-eyes; tinted-lens; run-away
49,venomoth,15,125,158,bug,poison,70,65,60,90,75,90,450,0,shield-dust; tinted-lens; wonder-skin
50,diglett,2,8,53,ground,none,10,55,25,35,45,95,265,0,sand-veil; arena-trap; sand-force
51,dugtrio,7,333,149,ground,none,35,100,50,50,70,120,425,0,sand-veil; arena-trap; sand-force
52,meowth,4,42,58,normal,none,40,45,35,40,40,90,290,0,pickup; technician; unnerve
53,persian,10,320,154,normal,none,65,70,60,65,65,115,440,0,limber; technician; unnerve
54,psyduck,8,196,64,water,none,50,52,48,65,50,55,320,0,damp; cloud-nine; swift-swim
55,golduck,17,766,175,water,none,80,82,78,95,80,85,500,1,damp; cloud-nine; swift-swim
56,mankey,5,280,61,fighting,none,40,80,35,35,45,70,305,0,vital-spirit; anger-point; defiant
57,primeape,10,320,159,fighting,none,65,105,60,60,70,95,455,0,vital-spirit; anger-point; defiant
58,growlithe,7,190,70,fire,none,55,70,45,70,50,60,350,0,intimidate; flash-fire; justified
59,arcanine,19,1550,194,fire,none,90,110,80,100,80,95,555,1,intimidate; flash-fire; justified
60,poliwag,6,124,60,water,none,40,50,40,40,40,90,300,0,water-absorb; damp; swift-swim
61,poliwhirl,10,200,135,water,none,65,65,65,50,50,90,385,0,water-absorb; damp; swift-swim
62,poliwrath,13,540,230,water,fighting,90,95,95,70,90,70,510,1,water-absorb; damp; swift-swim
63,abra,9,195,62,psychic,none,25,20,15,105,55,90,310,0,synchronize; inner-focus; magic-guard
64,kadabra,13,565,140,psychic,none,40,35,30,120,70,105,400,0,synchronize; inner-focus; magic-guard
65,alakazam,15,480,225,psychic,none,55,50,45,135,95,120,500,1,synchronize; inner-focus; magic-guard
66,machop,8,195,61,fighting,none,70,80,50,35,35,35,305,0,guts; no-guard; steadfast
67,machoke,15,705,142,fighting,none,80,100,70,50,60,45,405,0,guts; no-guard; steadfast
68,machamp,16,1300,227,fighting,none,90,130,80,65,85,55,505,1,guts; no-guard; steadfast
69,bellsprout,7,40,60,grass,poison,50,75,35,70,30,40,300,0,chlorophyll; gluttony
70,weepinbell,10,64,137,grass,poison,65,90,50,85,45,55,390,0,chlorophyll; gluttony
71,victreebel,17,155,221,grass,poison,80,105,65,100,70,70,490,0,chlorophyll; gluttony
72,tentacool,9,455,67,water,poison,40,40,35,50,100,70,335,0,clear-body; liquid-ooze; rain-dish
73,tentacruel,16,550,180,water,poison,80,70,65,80,120,100,515,1,clear-body; liquid-ooze; rain-dish
74,geodude,4,200,60,rock,ground,40,80,100,30,30,20,300,0,rock-head; sturdy; sand-veil
75,graveler,10,1050,137,rock,ground,55,95,115,45,45,35,390,0,rock-head; sturdy; sand-veil
76,golem,14,3000,223,rock,ground,80,120,130,55,65,45,495,0,rock-head; sturdy; sand-veil
77,ponyta,10,300,82,fire,none,50,85,55,65,65,90,410,0,run-away; flash-fire; flame-body
78,rapidash,17,950,175,fire,none,65,100,70,80,80,105,500,1,run-away; flash-fire; flame-body
79,slowpoke,12,360,63,water,psychic,90,65,65,40,40,15,315,0,oblivious; own-tempo; regenerator
80,slowbro,16,785,172,water,psychic,95,75,110,100,80,30,490,0,oblivious; own-tempo; regenerator
81,magnemite,3,60,65,electric,steel,25,35,70,95,55,45,325,0,magnet-pull; sturdy; analytic
82,magneton,10,600,163,electric,steel,50,60,95,120,70,70,465,0,magnet-pull; sturdy; analytic
83,farfetchd,8,150,132,normal,flying,52,90,55,58,62,60,377,0,keen-eye; inner-focus; defiant
84,doduo,14,392,62,normal,flying,35,85,45,35,35,75,310,0,run-away; early-bird; tangled-feet
85,dodrio,18,852,165,normal,flying,60,110,70,60,60,110,470,0,run-away; early-bird; tangled-feet
86,seel,11,900,65,water,none,65,45,55,45,70,45,325,0,thick-fat; hydration; ice-body
87,dewgong,17,1200,166,water,ice,90,70,80,70,95,70,475,0,thick-fat; hydration; ice-body
88,grimer,9,300,65,poison,none,80,80,50,40,50,25,325,0,stench; sticky-hold; poison-touch
89,muk,12,300,175,poison,none,105,105,75,65,100,50,500,1,stench; sticky-hold; poison-touch
90,shellder,3,40,61,water,none,30,65,100,45,25,40,305,0,shell-armor; skill-link; overcoat
91,cloyster,15,1325,184,water,ice,50,95,180,85,45,70,525,1,shell-armor; skill-link; overcoat
92,gastly,13,1,62,ghost,poison,30,35,30,100,35,80,310,0,levitate
93,haunter,16,1,142,ghost,poison,45,50,45,115,55,95,405,0,levitate
94,gengar,15,405,225,ghost,poison,60,65,60,130,75,110,500,1,cursed-body
95,onix,88,2100,77,rock,ground,35,45,160,30,45,70,385,0,rock-head; sturdy; weak-armor
96,drowzee,10,324,66,psychic,none,60,48,45,43,90,42,328,0,insomnia; forewarn; inner-focus
97,hypno,16,756,169,psychic,none,85,73,70,73,115,67,483,0,insomnia; forewarn; inner-focus
98,krabby,4,65,65,water,none,30,105,90,25,25,50,325,0,hyper-cutter; shell-armor; sheer-force
99,kingler,13,600,166,water,none,55,130,115,50,50,75,475,0,hyper-cutter; shell-armor; sheer-force
100,voltorb,5,104,66,electric,none,40,30,50,55,55,100,330,0,soundproof; static; aftermath
101,electrode,12,666,172,electric,none,60,50,70,80,80,150,490,0,soundproof; static; aftermath
102,exeggcute,4,25,65,grass,psychic,60,40,80,60,45,40,325,0,chlorophyll; harvest
103,exeggutor,20,1200,186,grass,psychic,95,95,85,125,75,55,530,1,chlorophyll; harvest
104,cubone,4,65,64,ground,none,50,50,95,40,50,35,320,0,rock-head; lightning-rod; battle-armor
105,marowak,10,450,149,ground,none,60,80,110,50,80,45,425,0,rock-head; lightning-rod; battle-armor
106,hitmonlee,15,498,159,fighting,none,50,120,53,35,110,87,455,0,limber; reckless; unburden
107,hitmonchan,14,502,159,fighting,none,50,105,79,35,110,76,455,0,keen-eye; iron-fist; inner-focus
108,lickitung,12,655,77,normal,none,90,55,75,60,75,30,385,0,own-tempo; oblivious; cloud-nine
109,koffing,6,10,68,poison,none,40,65,95,60,45,35,340,0,levitate; neutralizing-gas; stench
110,weezing,12,95,172,poison,none,65,90,120,85,70,60,490,0,levitate; neutralizing-gas; stench
111,rhyhorn,10,1150,69,ground,rock,80,85,95,30,30,25,345,0,lightning-rod; rock-head; reckless
112,rhydon,19,1200,170,ground,rock,105,130,120,45,45,40,485,0,lightning-rod; rock-head; reckless
113,chansey,11,346,395,normal,none,250,5,5,35,105,50,450,0,natural-cure; serene-grace; healer
114,tangela,10,350,87,grass,none,65,55,115,100,40,60,435,0,chlorophyll; leaf-guard; regenerator
115,kangaskhan,22,800,172,normal,none,105,95,80,40,80,90,490,0,early-bird; scrappy; inner-focus
116,horsea,4,80,59,water,none,30,40,70,70,25,60,295,0,swift-swim; sniper; damp
117,seadra,12,250,154,water,none,55,65,95,95,45,85,440,0,poison-point; sniper; damp
118,goldeen,6,150,64,water,none,45,67,60,35,50,63,320,0,swift-swim; water-veil; lightning-rod
119,seaking,13,390,158,water,none,80,92,65,65,80,68,450,0,swift-swim; water-veil; lightning-rod
120,staryu,8,345,68,water,none,30,45,55,70,55,85,340,0,illuminate; natural-cure; analytic
121,starmie,11,800,182,water,psychic,60,75,85,100,85,115,520,1,illuminate; natural-cure; analytic
122,mr-mime,13,545,161,psychic,fairy,40,45,65,100,120,90,460,0,soundproof; filter; technician
123,scyther,15,560,100,bug,flying,70,110,80,55,80,105,500,1,swarm; technician; steadfast
124,jynx,14,406,159,ice,psychic,65,50,35,115,95,95,455,0,oblivious; forewarn; dry-skin
125,electabuzz,11,300,172,electric,none,65,83,57,95,85,105,490,0,static; vital-spirit
126,magmar,13,445,173,fire,none,65,95,57,100,85,93,495,0,flame-body; vital-spirit
127,pinsir,15,550,175,bug,none,65,125,100,55,70,85,500,1,hyper-cutter; mold-breaker; moxie
128,tauros,14,884,172,normal,none,75,100,95,40,70,110,490,0,intimidate; anger-point; sheer-force
129,magikarp,9,100,40,water,none,20,10,55,15,20,80,200,0,swift-swim; rattled
130,gyarados,65,2350,189,water,flying,95,125,79,60,100,81,540,1,intimidate; moxie
131,lapras,25,2200,187,water,ice,130,85,80,85,95,60,535,1,water-absorb; shell-armor; hydration
132,ditto,3,40,101,normal,none,48,48,48,48,48,48,288,0,limber; imposter
133,eevee,3,65,65,normal,none,55,55,50,45,65,55,325,0,run-away; adaptability; anticipation
134,vaporeon,10,290,184,water,none,130,65,60,110,95,65,525,1,water-absorb; hydration
135,jolteon,8,245,184,electric,none,65,65,60,110,95,130,525,1,volt-absorb; quick-feet
136,flareon,9,250,184,fire,none,65,130,60,95,110,65,525,1,flash-fire; guts
137,porygon,8,365,79,normal,none,65,60,70,85,75,40,395,0,trace; download; analytic
138,omanyte,4,75,71,rock,water,35,40,100,90,55,35,355,0,swift-swim; shell-armor; weak-armor
139,omastar,10,350,173,rock,water,70,60,125,115,70,55,495,0,swift-swim; shell-armor; weak-armor
140,kabuto,5,115,71,rock,water,30,80,90,55,45,55,355,0,swift-swim; battle-armor; weak-armor
141,kabutops,13,405,173,rock,water,60,115,105,65,70,80,495,0,swift-swim; battle-armor; weak-armor
142,aerodactyl,18,590,180,rock,flying,80,105,65,60,75,130,515,1,rock-head; pressure; unnerve
143,snorlax,21,4600,189,normal,none,160,110,65,65,110,30,540,1,immunity; thick-fat; gluttony
144,articuno,17,554,261,ice,flying,90,85,100,95,125,85,580,1,pressure; snow-cloak
145,zapdos,16,526,261,electric,flying,90,90,85,125,90,100,580,1,pressure; static
146,moltres,20,600,261,fire,flying,90,100,90,125,85,90,580,1,pressure; flame-body
147,dratini,18,33,60,dragon,none,41,64,45,50,50,50,300,0,shed-skin; marvel-scale
148,dragonair,40,165,147,dragon,none,61,84,65,70,70,70,420,0,shed-skin; marvel-scale
149,dragonite,22,2100,270,dragon,flying,91,134,95,100,100,80,600,1,inner-focus; multiscale
150,mewtwo,20,1220,306,psychic,none,106,110,90,154,90,130,680,1,pressure; unnerve
151,mew,4,40,270,psychic,none,100,100,100,100,100,100,600,1,synchronize
152,chikorita,9,64,64,grass,none,45,49,65,49,65,45,318,0,overgrow; leaf-guard
153,bayleef,12,158,142,grass,none,60,62,80,63,80,60,405,0,overgrow; leaf-guard
154,meganium,18,1005,236,grass,none,80,82,100,83,100,80,525,1,overgrow; leaf-guard
155,cyndaquil,5,79,62,fire,none,39,52,43,60,50,65,309,0,blaze; flash-fire
156,quilava,9,190,142,fire,none,58,64,58,80,65,80,405,0,blaze; flash-fire
157,typhlosion,17,795,240,fire,none,78,84,78,109,85,100,534,1,blaze; flash-fire
158,totodile,6,95,63,water,none,50,65,64,44,48,43,314,0,torrent; sheer-force
159,croconaw,11,250,142,water,none,65,80,80,59,63,58,405,0,torrent; sheer-force
160,feraligatr,23,888,239,water,none,85,105,100,79,83,78,530,1,torrent; sheer-force
161,sentret,8,60,43,normal,none,35,46,34,35,45,20,215,0,run-away; keen-eye; frisk
162,furret,18,325,145,normal,none,85,76,64,45,55,90,415,0,run-away; keen-eye; frisk
163,hoothoot,7,212,52,normal,flying,60,30,30,36,56,50,262,0,insomnia; keen-eye; tinted-lens
164,noctowl,16,408,158,normal,flying,100,50,50,86,96,70,452,0,insomnia; keen-eye; tinted-lens
165,ledyba,10,108,53,bug,flying,40,20,30,40,80,55,265,0,swarm; early-bird; rattled
166,ledian,14,356,137,bug,flying,55,35,50,55,110,85,390,0,swarm; early-bird; iron-fist
167,spinarak,5,85,50,bug,poison,40,60,40,40,40,30,250,0,swarm; insomnia; sniper
168,ariados,11,335,140,bug,poison,70,90,70,60,70,40,400,0,swarm; insomnia; sniper
169,crobat,18,750,241,poison,flying,85,90,80,70,80,130,535,1,inner-focus; infiltrator
170,chinchou,5,120,66,water,electric,75,38,38,56,56,67,330,0,volt-absorb; illuminate; water-absorb
171,lanturn,12,225,161,water,electric,125,58,58,76,76,67,460,0,volt-absorb; illuminate; water-absorb
172,pichu,3,20,41,electric,none,20,40,15,35,35,60,205,0,static; lightning-rod
173,cleffa,3,30,44,fairy,none,50,25,28,45,55,15,218,0,cute-charm; magic-guard; friend-guard
174,igglybuff,3,10,42,normal,fairy,90,30,15,40,20,15,210,0,cute-charm; competitive; friend-guard
175,togepi,3,15,49,fairy,none,35,20,65,40,65,20,245,0,hustle; serene-grace; super-luck
176,togetic,6,32,142,fairy,flying,55,40,85,80,105,40,405,0,hustle; serene-grace; super-luck
177,natu,2,20,64,psychic,flying,40,50,45,70,45,70,320,0,synchronize; early-bird; magic-bounce
178,xatu,15,150,165,psychic,flying,65,75,70,95,70,95,470,0,synchronize; early-bird; magic-bounce
179,mareep,6,78,56,electric,none,55,40,40,65,45,35,280,0,static; plus
180,flaaffy,8,133,128,electric,none,70,55,55,80,60,45,365,0,static; plus
181,ampharos,14,615,230,electric,none,90,75,85,115,90,55,510,1,static; plus
182,bellossom,4,58,221,grass,none,75,80,95,90,100,50,490,0,chlorophyll; healer
183,marill,4,85,88,water,fairy,70,20,50,20,50,40,250,0,thick-fat; huge-power; sap-sipper
184,azumarill,8,285,189,water,fairy,100,50,80,60,80,50,420,0,thick-fat; huge-power; sap-sipper
185,sudowoodo,12,380,144,rock,none,70,100,115,30,65,30,410,0,sturdy; rock-head; rattled
186,politoed,11,339,225,water,none,90,75,75,90,100,70,500,1,water-absorb; damp; drizzle
187,hoppip,4,5,50,grass,flying,35,35,40,35,55,50,250,0,chlorophyll; leaf-guard; infiltrator
188,skiploom,6,10,119,grass,flying,55,45,50,45,65,80,340,0,chlorophyll; leaf-guard; infiltrator
189,jumpluff,8,30,207,grass,flying,75,55,70,55,95,110,460,0,chlorophyll; leaf-guard; infiltrator
190,aipom,8,115,72,normal,none,55,70,55,40,55,85,360,0,run-away; pickup; skill-link
191,sunkern,3,18,36,grass,none,30,30,30,30,30,30,180,0,chlorophyll; solar-power; early-bird
192,sunflora,8,85,149,grass,none,75,75,55,105,85,30,425,0,chlorophyll; solar-power; early-bird
193,yanma,12,380,78,bug,flying,65,65,45,75,45,95,390,0,speed-boost; compound-eyes; frisk
194,wooper,4,85,42,water,ground,55,45,45,25,25,15,210,0,damp; water-absorb; unaware
195,quagsire,14,750,151,water,ground,95,85,85,65,65,35,430,0,damp; water-absorb; unaware
196,espeon,9,265,184,psychic,none,65,65,60,130,95,110,525,1,synchronize; magic-bounce
197,umbreon,10,270,184,dark,none,95,65,110,60,130,65,525,1,synchronize; inner-focus
198,murkrow,5,21,81,dark,flying,60,85,42,85,42,91,405,0,insomnia; super-luck; prankster
199,slowking,20,795,172,water,psychic,95,75,80,100,110,30,490,0,oblivious; own-tempo; regenerator
200,misdreavus,7,10,87,ghost,none,60,60,60,85,85,85,435,0,levitate
201,unown,5,50,118,psychic,none,48,72,48,72,48,48,336,0,levitate
202,wobbuffet,13,285,142,psychic,none,190,33,58,33,58,33,405,0,shadow-tag; telepathy
203,girafarig,15,415,159,normal,psychic,70,80,65,90,65,85,455,0,inner-focus; early-bird; sap-sipper
204,pineco,6,72,58,bug,none,50,65,90,35,35,15,290,0,sturdy; overcoat
205,forretress,12,1258,163,bug,steel,75,90,140,60,60,40,465,0,sturdy; overcoat
206,dunsparce,15,140,145,normal,none,100,70,70,65,65,45,415,0,serene-grace; run-away; rattled
207,gligar,11,648,86,ground,flying,65,75,105,35,65,85,430,0,hyper-cutter; sand-veil; immunity
208,steelix,92,4000,179,steel,ground,75,85,200,55,65,30,510,1,rock-head; sturdy; sheer-force
209,snubbull,6,78,60,fairy,none,60,80,50,40,40,30,300,0,intimidate; run-away; rattled
210,granbull,14,487,158,fairy,none,90,120,75,60,60,45,450,0,intimidate; quick-feet; rattled
211,qwilfish,5,39,88,water,poison,65,95,85,55,55,85,440,0,poison-point; swift-swim; intimidate
212,scizor,18,1180,175,bug,steel,70,130,100,55,80,65,500,1,swarm; technician; light-metal
213,shuckle,6,205,177,bug,rock,20,10,230,10,230,5,505,1,sturdy; gluttony; contrary
214,heracross,15,540,175,bug,fighting,80,125,75,40,95,85,500,1,swarm; guts; moxie
215,sneasel,9,280,86,dark,ice,55,95,55,35,75,115,430,0,inner-focus; keen-eye; pickpocket
216,teddiursa,6,88,66,normal,none,60,80,50,50,50,40,330,0,pickup; quick-feet; honey-gather
217,ursaring,18,1258,175,normal,none,90,130,75,75,75,55,500,1,guts; quick-feet; unnerve
218,slugma,7,350,50,fire,none,40,40,40,70,40,20,250,0,magma-armor; flame-body; weak-armor
219,magcargo,8,550,151,fire,rock,60,50,120,90,80,30,430,0,magma-armor; flame-body; weak-armor
220,swinub,4,65,50,ice,ground,50,50,40,30,30,50,250,0,oblivious; snow-cloak; thick-fat
221,piloswine,11,558,158,ice,ground,100,100,80,60,60,50,450,0,oblivious; snow-cloak; thick-fat
222,corsola,6,50,144,water,rock,65,55,95,65,95,35,410,0,hustle; natural-cure; regenerator
223,remoraid,6,120,60,water,none,35,65,35,65,35,65,300,0,hustle; sniper; moody
224,octillery,9,285,168,water,none,75,105,75,105,75,45,480,0,suction-cups; sniper; moody
225,delibird,9,160,116,ice,flying,45,55,45,65,45,75,330,0,vital-spirit; hustle; insomnia
226,mantine,21,2200,170,water,flying,85,40,70,80,140,70,485,0,swift-swim; water-absorb; water-veil
227,skarmory,17,505,163,steel,flying,65,80,140,40,70,70,465,0,keen-eye; sturdy; weak-armor
228,houndour,6,108,66,dark,fire,45,60,30,80,50,65,330,0,early-bird; flash-fire; unnerve
229,houndoom,14,350,175,dark,fire,75,90,50,110,80,95,500,1,early-bird; flash-fire; unnerve
230,kingdra,18,1520,243,water,dragon,75,95,95,95,95,85,540,1,swift-swim; sniper; damp
231,phanpy,5,335,66,ground,none,90,60,60,40,40,40,330,0,pickup; sand-veil
232,donphan,11,1200,175,ground,none,90,120,120,60,60,50,500,1,sturdy; sand-veil
233,porygon2,6,325,180,normal,none,85,80,90,105,95,60,515,1,trace; download; analytic
234,stantler,14,712,163,normal,none,73,95,62,85,65,85,465,0,intimidate; frisk; sap-sipper
235,smeargle,12,580,88,normal,none,55,20,35,20,45,75,250,0,own-tempo; technician; moody
236,tyrogue,7,210,42,fighting,none,35,35,35,35,35,35,210,0,guts; steadfast; vital-spirit
237,hitmontop,14,480,159,fighting,none,50,95,95,35,110,70,455,0,intimidate; technician; steadfast
238,smoochum,4,60,61,ice,psychic,45,30,15,85,65,65,305,0,oblivious; forewarn; hydration
239,elekid,6,235,72,electric,none,45,63,37,65,55,95,360,0,static; vital-spirit
240,magby,7,214,73,fire,none,45,75,37,70,55,83,365,0,flame-body; vital-spirit
241,miltank,12,755,172,normal,none,95,80,105,40,70,100,490,0,thick-fat; scrappy; sap-sipper
242,blissey,15,468,608,normal,none,255,10,10,75,135,55,540,1,natural-cure; serene-grace; healer
243,raikou,19,1780,261,electric,none,90,85,75,115,100,115,580,1,pressure; inner-focus
244,entei,21,1980,261,fire,none,115,115,85,90,75,100,580,1,pressure; inner-focus
245,suicune,20,1870,261,water,none,100,75,115,90,115,85,580,1,pressure; inner-focus
246,larvitar,6,720,60,rock,ground,50,64,50,45,50,41,300,0,guts; sand-veil
247,pupitar,12,1520,144,rock,ground,70,84,70,65,70,51,410,0,shed-skin
248,tyranitar,20,2020,270,rock,dark,100,134,110,95,100,61,600,1,sand-stream; unnerve
249,lugia,52,2160,306,psychic,flying,106,90,130,90,154,110,680,1,pressure; multiscale
250,ho-oh,38,1990,306,fire,flying,106,130,90,110,154,90,680,1,pressure; regenerator
251,celebi,6,50,270,psychic,grass,100,100,100,100,100,100,600,1,natural-cure
252,treecko,5,50,62,grass,none,40,45,35,65,55,70,310,0,overgrow; unburden
253,grovyle,9,216,142,grass,none,50,65,45,85,65,95,405,0,overgrow; unburden
254,sceptile,17,522,239,grass,none,70,85,65,105,85,120,530,1,overgrow; unburden
255,torchic,4,25,62,fire,none,45,60,40,70,50,45,310,0,blaze; speed-boost
256,combusken,9,195,142,fire,fighting,60,85,60,85,60,55,405,0,blaze; speed-boost
257,blaziken,19,520,239,fire,fighting,80,120,70,110,70,80,530,1,blaze; speed-boost
258,mudkip,4,76,62,water,none,50,70,50,50,50,40,310,0,torrent; damp
259,marshtomp,7,280,142,water,ground,70,85,70,60,70,50,405,0,torrent; damp
260,swampert,15,819,241,water,ground,100,110,90,85,90,60,535,1,torrent; damp
261,poochyena,5,136,56,dark,none,35,55,35,30,30,35,220,0,run-away; quick-feet; rattled
262,mightyena,10,370,147,dark,none,70,90,70,60,60,70,420,0,intimidate; quick-feet; moxie
263,zigzagoon,4,175,56,normal,none,38,30,41,30,41,60,240,0,pickup; gluttony; quick-feet
264,linoone,5,325,147,normal,none,78,70,61,50,61,100,420,0,pickup; gluttony; quick-feet
265,wurmple,3,36,56,bug,none,45,45,35,20,30,20,195,0,shield-dust; run-away
266,silcoon,6,100,72,bug,none,50,35,55,25,25,15,205,0,shed-skin
267,beautifly,10,284,178,bug,flying,60,70,50,100,50,65,395,0,swarm; rivalry
268,cascoon,7,115,72,bug,none,50,35,55,25,25,15,205,0,shed-skin
269,dustox,12,316,173,bug,poison,60,50,70,50,90,65,385,0,shield-dust; compound-eyes
270,lotad,5,26,44,water,grass,40,30,30,40,50,30,220,0,swift-swim; rain-dish; own-tempo
271,lombre,12,325,119,water,grass,60,50,50,60,70,50,340,0,swift-swim; rain-dish; own-tempo
272,ludicolo,15,550,216,water,grass,80,70,70,90,100,70,480,0,swift-swim; rain-dish; own-tempo
273,seedot,5,40,44,grass,none,40,40,50,30,30,30,220,0,chlorophyll; early-bird; pickpocket
274,nuzleaf,10,280,119,grass,dark,70,70,40,60,40,60,340,0,chlorophyll; early-bird; pickpocket
275,shiftry,13,596,216,grass,dark,90,100,60,90,60,80,480,0,chlorophyll; wind-rider; pickpocket
276,taillow,3,23,54,normal,flying,40,55,30,30,30,85,270,0,guts; scrappy
277,swellow,7,198,159,normal,flying,60,85,60,75,50,125,455,0,guts; scrappy
278,wingull,6,95,54,water,flying,40,30,30,55,30,85,270,0,keen-eye; hydration; rain-dish
279,pelipper,12,280,154,water,flying,60,50,100,95,70,65,440,0,keen-eye; drizzle; rain-dish
280,ralts,4,66,40,psychic,fairy,28,25,25,45,35,40,198,0,synchronize; trace; telepathy
281,kirlia,8,202,97,psychic,fairy,38,35,35,65,55,50,278,0,synchronize; trace; telepathy
282,gardevoir,16,484,233,psychic,fairy,68,65,65,125,115,80,518,1,synchronize; trace; telepathy
283,surskit,5,17,54,bug,water,40,30,32,50,52,65,269,0,swift-swim; rain-dish
284,masquerain,8,36,159,bug,flying,70,60,62,100,82,80,454,0,intimidate; unnerve
285,shroomish,4,45,59,grass,none,60,40,60,40,60,35,295,0,effect-spore; poison-heal; quick-feet
286,breloom,12,392,161,grass,fighting,60,130,80,60,60,70,460,0,effect-spore; poison-heal; technician
287,slakoth,8,240,56,normal,none,60,60,60,35,35,30,280,0,truant
288,vigoroth,14,465,154,normal,none,80,80,80,55,55,90,440,0,vital-spirit
289,slaking,20,1305,252,normal,none,150,160,100,95,65,100,670,1,truant
290,nincada,5,55,53,bug,ground,31,45,90,30,30,40,266,0,compound-eyes; run-away
291,ninjask,8,120,160,bug,flying,61,90,45,50,50,160,456,0,speed-boost; infiltrator
292,shedinja,8,12,83,bug,ghost,1,90,45,30,30,40,236,0,wonder-guard
293,whismur,6,163,48,normal,none,64,51,23,51,23,28,240,0,soundproof; rattled
294,loudred,10,405,126,normal,none,84,71,43,71,43,48,360,0,soundproof; scrappy
295,exploud,15,840,221,normal,none,104,91,63,91,73,68,490,0,soundproof; scrappy
296,makuhita,10,864,47,fighting,none,72,60,30,20,30,25,237,0,thick-fat; guts; sheer-force
297,hariyama,23,2538,166,fighting,none,144,120,60,40,60,50,474,0,thick-fat; guts; sheer-force
298,azurill,2,20,38,normal,fairy,50,20,40,20,40,20,190,0,thick-fat; huge-power; sap-sipper
299,nosepass,10,970,75,rock,none,30,45,135,45,90,30,375,0,sturdy; magnet-pull; sand-force
300,skitty,6,110,52,normal,none,50,45,45,35,35,50,260,0,cute-charm; normalize; wonder-skin
301,delcatty,11,326,140,normal,none,70,65,65,55,55,90,400,0,cute-charm; normalize; wonder-skin
302,sableye,5,110,133,dark,ghost,50,75,75,65,65,50,380,0,keen-eye; stall; prankster
303,mawile,6,115,133,steel,fairy,50,85,85,55,55,50,380,0,hyper-cutter; intimidate; sheer-force
304,aron,4,600,66,steel,rock,50,70,100,40,40,30,330,0,sturdy; rock-head; heavy-metal
305,lairon,9,1200,151,steel,rock,60,90,140,50,50,40,430,0,sturdy; rock-head; heavy-metal
306,aggron,21,3600,239,steel,rock,70,110,180,60,60,50,530,1,sturdy; rock-head; heavy-metal
307,meditite,6,112,56,fighting,psychic,30,40,55,40,55,60,280,0,pure-power; telepathy
308,medicham,13,315,144,fighting,psychic,60,60,75,60,75,80,410,0,pure-power; telepathy
309,electrike,6,152,59,electric,none,40,45,40,65,40,65,295,0,static; lightning-rod; minus
310,manectric,15,402,166,electric,none,70,75,60,105,60,105,475,0,static; lightning-rod; minus
311,plusle,4,42,142,electric,none,60,50,40,85,75,95,405,0,plus; lightning-rod
312,minun,4,42,142,electric,none,60,40,50,75,85,95,405,0,minus; volt-absorb
313,volbeat,7,177,151,bug,none,65,73,75,47,85,85,430,0,illuminate; swarm; prankster
314,illumise,6,177,151,bug,none,65,47,75,73,85,85,430,0,oblivious; tinted-lens; prankster
315,roselia,3,20,140,grass,poison,50,60,45,100,80,65,400,0,natural-cure; poison-point; leaf-guard
316,gulpin,4,103,60,poison,none,70,43,53,43,53,40,302,0,liquid-ooze; sticky-hold; gluttony
317,swalot,17,800,163,poison,none,100,73,83,73,83,55,467,0,liquid-ooze; sticky-hold; gluttony
318,carvanha,8,208,61,water,dark,45,90,20,65,20,65,305,0,rough-skin; speed-boost
319,sharpedo,18,888,161,water,dark,70,120,40,95,40,95,460,0,rough-skin; speed-boost
320,wailmer,20,1300,80,water,none,130,70,35,70,35,60,400,0,water-veil; oblivious; pressure
321,wailord,145,3980,175,water,none,170,90,45,90,45,60,500,1,water-veil; oblivious; pressure
322,numel,7,240,61,fire,ground,60,60,40,65,45,35,305,0,oblivious; simple; own-tempo
323,camerupt,19,2200,161,fire,ground,70,100,70,105,75,40,460,0,magma-armor; solid-rock; anger-point
324,torkoal,5,804,165,fire,none,70,85,140,85,70,20,470,0,white-smoke; drought; shell-armor
325,spoink,7,306,66,psychic,none,60,25,35,70,80,60,330,0,thick-fat; own-tempo; gluttony
326,grumpig,9,715,165,psychic,none,80,45,65,90,110,80,470,0,thick-fat; own-tempo; gluttony
327,spinda,11,50,126,normal,none,60,60,60,60,60,60,360,0,own-tempo; tangled-feet; contrary
328,trapinch,7,150,58,ground,none,45,100,45,45,45,10,290,0,hyper-cutter; arena-trap; sheer-force
329,vibrava,11,153,119,ground,dragon,50,70,50,50,50,70,340,0,levitate
330,flygon,20,820,234,ground,dragon,80,100,80,80,80,100,520,1,levitate
331,cacnea,4,513,67,grass,none,50,85,40,85,40,35,335,0,sand-veil; water-absorb
332,cacturne,13,774,166,grass,dark,70,115,60,115,60,55,475,0,sand-veil; water-absorb
333,swablu,4,12,62,normal,flying,45,40,60,40,75,50,310,0,natural-cure; cloud-nine
334,altaria,11,206,172,dragon,flying,75,70,90,70,105,80,490,0,natural-cure; cloud-nine
335,zangoose,13,403,160,normal,none,73,115,60,60,60,90,458,0,immunity; toxic-boost
336,seviper,27,525,160,poison,none,73,100,60,100,60,65,458,0,shed-skin; infiltrator
337,lunatone,10,1680,161,rock,psychic,90,55,65,95,85,70,460,0,levitate
338,solrock,12,1540,161,rock,psychic,90,95,85,55,65,70,460,0,levitate
339,barboach,4,19,58,water,ground,50,48,43,46,41,60,288,0,oblivious; anticipation; hydration
340,whiscash,9,236,164,water,ground,110,78,73,76,71,60,468,0,oblivious; anticipation; hydration
341,corphish,6,115,62,water,none,43,80,65,50,35,35,308,0,hyper-cutter; shell-armor; adaptability
342,crawdaunt,11,328,164,water,dark,63,120,85,90,55,55,468,0,hyper-cutter; shell-armor; adaptability
343,baltoy,5,215,60,ground,psychic,40,40,55,40,70,55,300,0,levitate
344,claydol,15,1080,175,ground,psychic,60,70,105,70,120,75,500,1,levitate
345,lileep,10,238,71,rock,grass,66,41,77,61,87,23,355,0,suction-cups; storm-drain
346,cradily,15,604,173,rock,grass,86,81,97,81,107,43,495,0,suction-cups; storm-drain
347,anorith,7,125,71,rock,bug,45,95,50,40,50,75,355,0,battle-armor; swift-swim
348,armaldo,15,682,173,rock,bug,75,125,100,70,80,45,495,0,battle-armor; swift-swim
349,feebas,6,74,40,water,none,20,15,20,10,55,80,200,0,swift-swim; oblivious; adaptability
350,milotic,62,1620,189,water,none,95,60,79,100,125,81,540,1,marvel-scale; competitive; cute-charm
351,castform,3,8,147,normal,none,70,70,70,70,70,70,420,0,forecast
352,kecleon,10,220,154,normal,none,60,90,70,60,120,40,440,0,color-change; protean
353,shuppet,6,23,59,ghost,none,44,75,35,63,33,45,295,0,insomnia; frisk; cursed-body
354,banette,11,125,159,ghost,none,64,115,65,83,63,65,455,0,insomnia; frisk; cursed-body
355,duskull,8,150,59,ghost,none,20,40,90,30,90,25,295,0,levitate; frisk
356,dusclops,16,306,159,ghost,none,40,70,130,60,130,25,455,0,pressure; frisk
357,tropius,20,1000,161,grass,flying,99,68,83,72,87,51,460,0,chlorophyll; solar-power; harvest
358,chimecho,6,10,159,psychic,none,75,50,80,95,90,65,455,0,levitate
359,absol,12,470,163,dark,none,65,130,60,75,60,75,465,0,pressure; super-luck; justified
360,wynaut,6,140,52,psychic,none,95,23,48,23,48,23,260,0,shadow-tag; telepathy
361,snorunt,7,168,60,ice,none,50,50,50,50,50,50,300,0,inner-focus; ice-body; moody
362,glalie,15,2565,168,ice,none,80,80,80,80,80,80,480,0,inner-focus; ice-body; moody
363,spheal,8,395,58,ice,water,70,40,50,55,50,25,290,0,thick-fat; ice-body; oblivious
364,sealeo,11,876,144,ice,water,90,60,70,75,70,45,410,0,thick-fat; ice-body; oblivious
365,walrein,14,1506,239,ice,water,110,80,90,95,90,65,530,1,thick-fat; ice-body; oblivious
366,clamperl,4,525,69,water,none,35,64,85,74,55,32,345,0,shell-armor; rattled
367,huntail,17,270,170,water,none,55,104,105,94,75,52,485,0,swift-swim; water-veil
368,gorebyss,18,226,170,water,none,55,84,105,114,75,52,485,0,swift-swim; hydration
369,relicanth,10,234,170,water,rock,100,90,130,45,65,55,485,0,swift-swim; rock-head; sturdy
370,luvdisc,6,87,116,water,none,43,30,55,40,65,97,330,0,swift-swim; hydration
371,bagon,6,421,60,dragon,none,45,75,60,40,30,50,300,0,rock-head; sheer-force
372,shelgon,11,1105,147,dragon,none,65,95,100,60,50,50,420,0,rock-head; overcoat
373,salamence,15,1026,270,dragon,flying,95,135,80,110,80,100,600,1,intimidate; moxie
374,beldum,6,952,60,steel,psychic,40,55,80,35,60,30,300,0,clear-body; light-metal
375,metang,12,2025,147,steel,psychic,60,75,100,55,80,50,420,0,clear-body; light-metal
376,metagross,16,5500,270,steel,psychic,80,135,130,95,90,70,600,1,clear-body; light-metal
377,regirock,17,2300,261,rock,none,80,100,200,50,100,50,580,1,clear-body; sturdy
378,regice,18,1750,261,ice,none,80,50,100,100,200,50,580,1,clear-body; ice-body
379,registeel,19,2050,261,steel,none,80,75,150,75,150,50,580,1,clear-body; light-metal
380,latias,14,400,270,dragon,psychic,80,80,90,110,130,110,600,1,levitate
381,latios,20,600,270,dragon,psychic,80,90,80,130,110,110,600,1,levitate
382,kyogre,45,3520,302,water,none,100,100,90,150,140,90,670,1,drizzle
383,groudon,35,9500,302,ground,none,100,150,140,100,90,90,670,1,drought
384,rayquaza,70,2065,306,dragon,flying,105,150,90,150,90,95,680,1,air-lock
385,jirachi,3,11,270,steel,psychic,100,100,100,100,100,100,600,1,serene-grace
386,deoxys-normal,17,608,270,psychic,none,50,150,50,150,50,150,600,1,pressure
387,turtwig,4,102,64,grass,none,55,68,64,45,55,31,318,0,overgrow; shell-armor
388,grotle,11,970,142,grass,none,75,89,85,55,65,36,405,0,overgrow; shell-armor
389,torterra,22,3100,236,grass,ground,95,109,105,75,85,56,525,1,overgrow; shell-armor
390,chimchar,5,62,62,fire,none,44,58,44,58,44,61,309,0,blaze; iron-fist
391,monferno,9,220,142,fire,fighting,64,78,52,78,52,81,405,0,blaze; iron-fist
392,infernape,12,550,240,fire,fighting,76,104,71,104,71,108,534,1,blaze; iron-fist
393,piplup,4,52,63,water,none,53,51,53,61,56,40,314,0,torrent; competitive
394,prinplup,8,230,142,water,none,64,66,68,81,76,50,405,0,torrent; competitive
395,empoleon,17,845,239,water,steel,84,86,88,111,101,60,530,1,torrent; competitive
396,starly,3,20,49,normal,flying,40,55,30,30,30,60,245,0,keen-eye; reckless
397,staravia,6,155,119,normal,flying,55,75,50,40,40,80,340,0,intimidate; reckless
398,staraptor,12,249,218,normal,flying,85,120,70,50,60,100,485,0,intimidate; reckless
399,bidoof,5,200,50,normal,none,59,45,40,35,40,31,250,0,simple; unaware; moody
400,bibarel,10,315,144,normal,water,79,85,60,55,60,71,410,0,simple; unaware; moody
401,kricketot,3,22,39,bug,none,37,25,41,25,41,25,194,0,shed-skin; run-away
402,kricketune,10,255,134,bug,none,77,85,51,55,51,65,384,0,swarm; technician
403,shinx,5,95,53,electric,none,45,65,34,40,34,45,263,0,rivalry; intimidate; guts
404,luxio,9,305,127,electric,none,60,85,49,60,49,60,363,0,rivalry; intimidate; guts
405,luxray,14,420,235,electric,none,80,120,79,95,79,70,523,1,rivalry; intimidate; guts
406,budew,2,12,56,grass,poison,40,30,35,50,70,55,280,0,natural-cure; poison-point; leaf-guard
407,roserade,9,145,232,grass,poison,60,70,65,125,105,90,515,1,natural-cure; poison-point; technician
408,cranidos,9,315,70,rock,none,67,125,40,30,30,58,350,0,mold-breaker; sheer-force
409,rampardos,16,1025,173,rock,none,97,165,60,65,50,58,495,0,mold-breaker; sheer-force
410,shieldon,5,570,70,rock,steel,30,42,118,42,88,30,350,0,sturdy; soundproof
411,bastiodon,13,1495,173,rock,steel,60,52,168,47,138,30,495,0,sturdy; soundproof
412,burmy,2,34,45,bug,none,40,29,45,29,45,36,224,0,shed-skin; overcoat
413,wormadam-plant,5,65,148,bug,grass,60,59,85,79,105,36,424,0,anticipation; overcoat
414,mothim,9,233,148,bug,flying,70,94,50,94,50,66,424,0,swarm; tinted-lens
415,combee,3,55,49,bug,flying,30,30,42,30,42,70,244,0,honey-gather; hustle
416,vespiquen,12,385,166,bug,flying,70,80,102,80,102,40,474,0,pressure; unnerve
417,pachirisu,4,39,142,electric,none,60,45,70,45,90,95,405,0,run-away; pickup; volt-absorb
418,buizel,7,295,66,water,none,55,65,35,60,30,85,330,0,swift-swim; water-veil
419,floatzel,11,335,173,water,none,85,105,55,85,50,115,495,0,swift-swim; water-veil
420,cherubi,4,33,55,grass,none,45,35,45,62,53,35,275,0,chlorophyll
421,cherrim,5,93,158,grass,none,70,60,70,87,78,85,450,0,flower-gift
422,shellos,3,63,65,water,none,76,48,48,57,62,34,325,0,sticky-hold; storm-drain; sand-force
423,gastrodon,9,299,166,water,ground,111,83,68,92,82,39,475,0,sticky-hold; storm-drain; sand-force
424,ambipom,12,203,169,normal,none,75,100,66,60,66,115,482,0,technician; pickup; skill-link
425,drifloon,4,12,70,ghost,flying,90,50,34,60,44,70,348,0,aftermath; unburden; flare-boost
426,drifblim,12,150,174,ghost,flying,150,80,44,90,54,80,498,0,aftermath; unburden; flare-boost
427,buneary,4,55,70,normal,none,55,66,44,44,56,85,350,0,run-away; klutz; limber
428,lopunny,12,333,168,normal,none,65,76,84,54,96,105,480,0,cute-charm; klutz; limber
429,mismagius,9,44,173,ghost,none,60,60,60,105,105,105,495,0,levitate
430,honchkrow,9,273,177,dark,flying,100,125,52,105,52,71,505,1,insomnia; super-luck; moxie
431,glameow,5,39,62,normal,none,49,55,42,42,37,85,310,0,limber; own-tempo; keen-eye
432,purugly,10,438,158,normal,none,71,82,64,64,59,112,452,0,thick-fat; own-tempo; defiant
433,chingling,2,6,57,psychic,none,45,30,50,65,50,45,285,0,levitate
434,stunky,4,192,66,poison,dark,63,63,47,41,41,74,329,0,stench; aftermath; keen-eye
435,skuntank,10,380,168,poison,dark,103,93,67,71,61,84,479,0,stench; aftermath; keen-eye
436,bronzor,5,605,60,steel,psychic,57,24,86,24,86,23,300,0,levitate; heatproof; heavy-metal
437,bronzong,13,1870,175,steel,psychic,67,89,116,79,116,33,500,1,levitate; heatproof; heavy-metal
438,bonsly,5,150,58,rock,none,50,80,95,10,45,10,290,0,sturdy; rock-head; rattled
439,mime-jr,6,130,62,psychic,fairy,20,25,45,70,90,60,310,0,soundproof; filter; technician
440,happiny,6,244,110,normal,none,100,5,5,15,65,30,220,0,natural-cure; serene-grace; friend-guard
441,chatot,5,19,144,normal,flying,76,65,45,92,42,91,411,0,keen-eye; tangled-feet; big-pecks
442,spiritomb,10,1080,170,ghost,dark,50,92,108,92,108,35,485,0,pressure; infiltrator
443,gible,7,205,60,dragon,ground,58,70,45,40,45,42,300,0,sand-veil; rough-skin
444,gabite,14,560,144,dragon,ground,68,90,65,50,55,82,410,0,sand-veil; rough-skin
445,garchomp,19,950,270,dragon,ground,108,130,95,80,85,102,600,1,sand-veil; rough-skin
446,munchlax,6,1050,78,normal,none,135,85,40,40,85,5,390,0,pickup; thick-fat; gluttony
447,riolu,7,202,57,fighting,none,40,70,40,35,40,60,285,0,steadfast; inner-focus; prankster
448,lucario,12,540,184,fighting,steel,70,110,70,115,70,90,525,1,steadfast; inner-focus; justified
449,hippopotas,8,495,66,ground,none,68,72,78,38,42,32,330,0,sand-stream; sand-force
450,hippowdon,20,3000,184,ground,none,108,112,118,68,72,47,525,1,sand-stream; sand-force
451,skorupi,8,120,66,poison,bug,40,50,90,30,55,65,330,0,battle-armor; sniper; keen-eye
452,drapion,13,615,175,poison,dark,70,90,110,60,75,95,500,1,battle-armor; sniper; keen-eye
453,croagunk,7,230,60,poison,fighting,48,61,40,61,40,50,300,0,anticipation; dry-skin; poison-touch
454,toxicroak,13,444,172,poison,fighting,83,106,65,86,65,85,490,0,anticipation; dry-skin; poison-touch
455,carnivine,14,270,159,grass,none,74,100,72,90,72,46,454,0,levitate
456,finneon,4,70,66,water,none,49,49,56,49,61,66,330,0,swift-swim; storm-drain; water-veil
457,lumineon,12,240,161,water,none,69,69,76,69,86,91,460,0,swift-swim; storm-drain; water-veil
458,mantyke,10,650,69,water,flying,45,20,50,60,120,50,345,0,swift-swim; water-absorb; water-veil
459,snover,10,505,67,grass,ice,60,62,50,62,60,40,334,0,snow-warning; soundproof
460,abomasnow,22,1355,173,grass,ice,90,92,75,92,85,60,494,0,snow-warning; soundproof
461,weavile,11,340,179,dark,ice,70,120,65,45,85,125,510,1,pressure; pickpocket
462,magnezone,12,1800,241,electric,steel,70,70,115,130,90,60,535,1,magnet-pull; sturdy; analytic
463,lickilicky,17,1400,180,normal,none,110,85,95,80,95,50,515,1,own-tempo; oblivious; cloud-nine
464,rhyperior,24,2828,241,ground,rock,115,140,130,55,55,40,535,1,lightning-rod; solid-rock; reckless
465,tangrowth,20,1286,187,grass,none,100,100,125,110,50,50,535,1,chlorophyll; leaf-guard; regenerator
466,electivire,18,1386,243,electric,none,75,123,67,95,85,95,540,1,motor-drive; vital-spirit
467,magmortar,16,680,243,fire,none,75,95,67,125,95,83,540,1,flame-body; vital-spirit
468,togekiss,15,380,245,fairy,flying,85,50,95,120,115,80,545,1,hustle; serene-grace; super-luck
469,yanmega,19,515,180,bug,flying,86,76,86,116,56,95,515,1,speed-boost; tinted-lens; frisk
470,leafeon,10,255,184,grass,none,65,110,130,60,65,95,525,1,leaf-guard; chlorophyll
471,glaceon,8,259,184,ice,none,65,60,110,130,95,65,525,1,snow-cloak; ice-body
472,gliscor,20,425,179,ground,flying,75,95,125,45,75,95,510,1,hyper-cutter; sand-veil; poison-heal
473,mamoswine,25,2910,239,ice,ground,110,130,80,70,60,80,530,1,oblivious; snow-cloak; thick-fat
474,porygon-z,9,340,241,normal,none,85,80,70,135,75,90,535,1,adaptability; download; analytic
475,gallade,16,520,233,psychic,fighting,68,125,65,65,115,80,518,1,steadfast; sharpness; justified
476,probopass,14,3400,184,rock,steel,60,55,145,75,150,40,525,1,sturdy; magnet-pull; sand-force
477,dusknoir,22,1066,236,ghost,none,45,100,135,65,135,45,525,1,pressure; frisk
478,froslass,13,266,168,ice,ghost,70,80,70,80,70,110,480,0,snow-cloak; cursed-body
479,rotom,3,3,154,electric,ghost,50,50,77,95,77,91,440,0,levitate
480,uxie,3,3,261,psychic,none,75,75,130,75,130,95,580,1,levitate
481,mesprit,3,3,261,psychic,none,80,105,105,105,105,80,580,1,levitate
482,azelf,3,3,261,psychic,none,75,125,70,125,70,115,580,1,levitate
483,dialga,54,6830,306,steel,dragon,100,120,120,150,100,90,680,1,pressure; telepathy
484,palkia,42,3360,306,water,dragon,90,120,100,150,120,100,680,1,pressure; telepathy
485,heatran,17,4300,270,fire,steel,91,90,106,130,106,77,600,1,flash-fire; flame-body
486,regigigas,37,4200,302,normal,none,110,160,110,80,110,100,670,1,slow-start
487,giratina-altered,45,7500,306,ghost,dragon,150,100,120,100,120,90,680,1,pressure; telepathy
488,cresselia,15,856,270,psychic,none,120,70,110,75,120,85,580,1,levitate
489,phione,4,31,216,water,none,80,80,80,80,80,80,480,0,hydration
490,manaphy,3,14,270,water,none,100,100,100,100,100,100,600,1,hydration
491,darkrai,15,505,270,dark,none,70,90,90,135,90,125,600,1,bad-dreams
492,shaymin-land,2,21,270,grass,none,100,100,100,100,100,100,600,1,natural-cure
493,arceus,32,3200,324,normal,none,120,120,120,120,120,120,720,1,multitype
494,victini,4,40,270,psychic,fire,100,100,100,100,100,100,600,1,victory-star
495,snivy,6,81,62,grass,none,45,45,55,45,55,63,308,0,overgrow; contrary
496,servine,8,160,145,grass,none,60,60,75,60,75,83,413,0,overgrow; contrary
497,serperior,33,630,238,grass,none,75,75,95,75,95,113,528,1,overgrow; contrary
498,tepig,5,99,62,fire,none,65,63,45,45,45,45,308,0,blaze; thick-fat
499,pignite,10,555,146,fire,fighting,90,93,55,70,55,55,418,0,blaze; thick-fat
500,emboar,16,1500,238,fire,fighting,110,123,65,100,65,65,528,1,blaze; reckless
501,oshawott,5,59,62,water,none,55,55,45,63,45,45,308,0,torrent; shell-armor
502,dewott,8,245,145,water,none,75,75,60,83,60,60,413,0,torrent; shell-armor
503,samurott,15,946,238,water,none,95,100,85,108,70,70,528,1,torrent; shell-armor
504,patrat,5,116,51,normal,none,45,55,39,35,39,42,255,0,run-away; keen-eye; analytic
505,watchog,11,270,147,normal,none,60,85,69,60,69,77,420,0,illuminate; keen-eye; analytic
506,lillipup,4,41,55,normal,none,45,60,45,25,45,55,275,0,vital-spirit; pickup; run-away
507,herdier,9,147,130,normal,none,65,80,65,35,65,60,370,0,intimidate; sand-rush; scrappy
508,stoutland,12,610,225,normal,none,85,110,90,45,90,80,500,1,intimidate; sand-rush; scrappy
509,purrloin,4,101,56,dark,none,41,50,37,50,37,66,281,0,limber; unburden; prankster
510,liepard,11,375,156,dark,none,64,88,50,88,50,106,446,0,limber; unburden; prankster
511,pansage,6,105,63,grass,none,50,53,48,53,48,64,316,0,gluttony; overgrow
512,simisage,11,305,174,grass,none,75,98,63,98,63,101,498,0,gluttony; overgrow
513,pansear,6,110,63,fire,none,50,53,48,53,48,64,316,0,gluttony; blaze
514,simisear,10,280,174,fire,none,75,98,63,98,63,101,498,0,gluttony; blaze
515,panpour,6,135,63,water,none,50,53,48,53,48,64,316,0,gluttony; torrent
516,simipour,10,290,174,water,none,75,98,63,98,63,101,498,0,gluttony; torrent
517,munna,6,233,58,psychic,none,76,25,45,67,55,24,292,0,forewarn; synchronize; telepathy
518,musharna,11,605,170,psychic,none,116,55,85,107,95,29,487,0,forewarn; synchronize; telepathy
519,pidove,3,21,53,normal,flying,50,55,50,36,30,43,264,0,big-pecks; super-luck; rivalry
520,tranquill,6,150,125,normal,flying,62,77,62,50,42,65,358,0,big-pecks; super-luck; rivalry
521,unfezant,12,290,220,normal,flying,80,115,80,65,55,93,488,0,big-pecks; super-luck; rivalry
522,blitzle,8,298,59,electric,none,45,60,32,50,32,76,295,0,lightning-rod; motor-drive; sap-sipper
523,zebstrika,16,795,174,electric,none,75,100,63,80,63,116,497,0,lightning-rod; motor-drive; sap-sipper
524,roggenrola,4,180,56,rock,none,55,75,85,25,25,15,280,0,sturdy; weak-armor; sand-force
525,boldore,9,1020,137,rock,none,70,105,105,50,40,20,390,0,sturdy; weak-armor; sand-force
526,gigalith,17,2600,232,rock,none,85,135,130,60,80,25,515,1,sturdy; sand-stream; sand-force
527,woobat,4,21,65,psychic,flying,65,45,43,55,43,72,323,0,unaware; klutz; simple
528,swoobat,9,105,149,psychic,flying,67,57,55,77,55,114,425,0,unaware; klutz; simple
529,drilbur,3,85,66,ground,none,60,85,40,30,45,68,328,0,sand-rush; sand-force; mold-breaker
530,excadrill,7,404,178,ground,steel,110,135,60,50,65,88,508,1,sand-rush; sand-force; mold-breaker
531,audino,11,310,390,normal,none,103,60,86,60,86,50,445,0,healer; regenerator; klutz
532,timburr,6,125,61,fighting,none,75,80,55,25,35,35,305,0,guts; sheer-force; iron-fist
533,gurdurr,12,400,142,fighting,none,85,105,85,40,50,40,405,0,guts; sheer-force; iron-fist
534,conkeldurr,14,870,227,fighting,none,105,140,95,55,65,45,505,1,guts; sheer-force; iron-fist
535,tympole,5,45,59,water,none,50,50,40,50,40,64,294,0,swift-swim; hydration; water-absorb
536,palpitoad,8,170,134,water,ground,75,65,55,65,55,69,384,0,swift-swim; hydration; water-absorb
537,seismitoad,15,620,229,water,ground,105,95,75,85,75,74,509,1,swift-swim; poison-touch; water-absorb
538,throh,13,555,163,fighting,none,120,100,85,30,85,45,465,0,guts; inner-focus; mold-breaker
539,sawk,14,510,163,fighting,none,75,125,75,30,75,85,465,0,sturdy; inner-focus; mold-breaker
540,sewaddle,3,25,62,bug,grass,45,53,70,40,60,42,310,0,swarm; chlorophyll; overcoat
541,swadloon,5,73,133,bug,grass,55,63,90,50,80,42,380,0,leaf-guard; chlorophyll; overcoat
542,leavanny,12,205,225,bug,grass,75,103,80,70,80,92,500,1,swarm; chlorophyll; overcoat
543,venipede,4,53,52,bug,poison,30,45,59,30,39,57,260,0,poison-point; swarm; speed-boost
544,whirlipede,12,585,126,bug,poison,40,55,99,40,79,47,360,0,poison-point; swarm; speed-boost
545,scolipede,25,2005,218,bug,poison,60,100,89,55,69,112,485,0,poison-point; swarm; speed-boost
546,cottonee,3,6,56,grass,fairy,40,27,60,37,50,66,280,0,prankster; infiltrator; chlorophyll
547,whimsicott,7,66,168,grass,fairy,60,67,85,77,75,116,480,0,prankster; infiltrator; chlorophyll
548,petilil,5,66,56,grass,none,45,35,50,70,50,30,280,0,chlorophyll; own-tempo; leaf-guard
549,lilligant,11,163,168,grass,none,70,60,75,110,75,90,480,0,chlorophyll; own-tempo; leaf-guard
550,basculin-red-striped,10,180,161,water,none,70,92,65,80,55,98,460,0,reckless; adaptability; mold-breaker
551,sandile,7,152,58,ground,dark,50,72,35,35,35,65,292,0,intimidate; moxie; anger-point
552,krokorok,10,334,123,ground,dark,60,82,45,45,45,74,351,0,intimidate; moxie; anger-point
553,krookodile,15,963,234,ground,dark,95,117,80,65,70,92,519,1,intimidate; moxie; anger-point
554,darumaka,6,375,63,fire,none,70,90,45,15,45,50,315,0,hustle; inner-focus
555,darmanitan-standard,13,929,168,fire,none,105,140,55,30,55,95,480,0,sheer-force; zen-mode
556,maractus,10,280,161,grass,none,75,86,67,106,67,60,461,0,water-absorb; chlorophyll; storm-drain
557,dwebble,3,145,65,bug,rock,50,65,85,35,35,55,325,0,sturdy; shell-armor; weak-armor
558,crustle,14,2000,170,bug,rock,70,105,125,65,75,45,485,0,sturdy; shell-armor; weak-armor
559,scraggy,6,118,70,dark,fighting,50,75,70,35,70,48,348,0,shed-skin; moxie; intimidate
560,scrafty,11,300,171,dark,fighting,65,90,115,45,115,58,488,0,shed-skin; moxie; intimidate
561,sigilyph,14,140,172,psychic,flying,72,58,80,103,80,97,490,0,wonder-skin; magic-guard; tinted-lens
562,yamask,5,15,61,ghost,none,38,30,85,55,65,30,303,0,mummy
563,cofagrigus,17,765,169,ghost,none,58,50,145,95,105,30,483,0,mummy
564,tirtouga,7,165,71,water,rock,54,78,103,53,45,22,355,0,solid-rock; sturdy; swift-swim
565,carracosta,12,810,173,water,rock,74,108,133,83,65,32,495,0,solid-rock; sturdy; swift-swim
566,archen,5,95,71,rock,flying,55,112,45,74,45,70,401,0,defeatist
567,archeops,14,320,177,rock,flying,75,140,65,112,65,110,567,1,defeatist
568,trubbish,6,310,66,poison,none,50,50,62,40,62,65,329,0,stench; sticky-hold; aftermath
569,garbodor,19,1073,166,poison,none,80,95,82,60,82,75,474,0,stench; weak-armor; aftermath
570,zorua,7,125,66,dark,none,40,65,40,80,40,65,330,0,illusion
571,zoroark,16,811,179,dark,none,60,105,60,120,60,105,510,1,illusion
572,minccino,4,58,60,normal,none,55,50,40,40,40,75,300,0,cute-charm; technician; skill-link
573,cinccino,5,75,165,normal,none,75,95,60,65,60,115,470,0,cute-charm; technician; skill-link
574,gothita,4,58,58,psychic,none,45,30,50,55,65,45,290,0,frisk; competitive; shadow-tag
575,gothorita,7,180,137,psychic,none,60,45,70,75,85,55,390,0,frisk; competitive; shadow-tag
576,gothitelle,15,440,221,psychic,none,70,55,95,95,110,65,490,0,frisk; competitive; shadow-tag
577,solosis,3,10,58,psychic,none,45,30,40,105,50,20,290,0,overcoat; magic-guard; regenerator
578,duosion,6,80,130,psychic,none,65,40,50,125,60,30,370,0,overcoat; magic-guard; regenerator
579,reuniclus,10,201,221,psychic,none,110,65,75,125,85,30,490,0,overcoat; magic-guard; regenerator
580,ducklett,5,55,61,water,flying,62,44,50,44,50,55,305,0,keen-eye; big-pecks; hydration
581,swanna,13,242,166,water,flying,75,87,63,87,63,98,473,0,keen-eye; big-pecks; hydration
582,vanillite,4,57,61,ice,none,36,50,50,65,60,44,305,0,ice-body; snow-cloak; weak-armor
583,vanillish,11,410,138,ice,none,51,65,65,80,75,59,395,0,ice-body; snow-cloak; weak-armor
584,vanilluxe,13,575,241,ice,none,71,95,85,110,95,79,535,1,ice-body; snow-warning; weak-armor
585,deerling,6,195,67,normal,grass,60,60,50,40,50,75,335,0,chlorophyll; sap-sipper; serene-grace
586,sawsbuck,19,925,166,normal,grass,80,100,70,60,70,95,475,0,chlorophyll; sap-sipper; serene-grace
587,emolga,4,50,150,electric,flying,55,75,60,75,60,103,428,0,static; motor-drive
588,karrablast,5,59,63,bug,none,50,75,45,40,45,60,315,0,swarm; shed-skin; no-guard
589,escavalier,10,330,173,bug,steel,70,135,105,60,105,20,495,0,swarm; shell-armor; overcoat
590,foongus,2,10,59,grass,poison,69,55,45,55,55,15,294,0,effect-spore; regenerator
591,amoonguss,6,105,162,grass,poison,114,85,70,85,80,30,464,0,effect-spore; regenerator
592,frillish-male,12,330,67,water,ghost,55,40,50,65,85,40,335,0,water-absorb; cursed-body; damp
593,jellicent-male,22,1350,168,water,ghost,100,60,70,85,105,60,480,0,water-absorb; cursed-body; damp
594,alomomola,12,316,165,water,none,165,75,80,40,45,65,470,0,healer; hydration; regenerator
595,joltik,1,6,64,bug,electric,50,47,50,57,50,65,319,0,compound-eyes; unnerve; swarm
596,galvantula,8,143,165,bug,electric,70,77,60,97,60,108,472,0,compound-eyes; unnerve; swarm
597,ferroseed,6,188,61,grass,steel,44,50,91,24,86,10,305,0,iron-barbs
598,ferrothorn,10,1100,171,grass,steel,74,94,131,54,116,20,489,0,iron-barbs; anticipation
599,klink,3,210,60,steel,none,40,55,70,45,60,30,300,0,plus; minus; clear-body
600,klang,6,510,154,steel,none,60,80,95,70,85,50,440,0,plus; minus; clear-body
601,klinklang,6,810,234,steel,none,60,100,115,70,85,90,520,1,plus; minus; clear-body
602,tynamo,2,3,55,electric,none,35,55,40,45,40,60,275,0,levitate
603,eelektrik,12,220,142,electric,none,65,85,70,75,70,40,405,0,levitate
604,eelektross,21,805,232,electric,none,85,115,80,105,80,50,515,1,levitate
605,elgyem,5,90,67,psychic,none,55,55,55,85,55,30,335,0,telepathy; synchronize; analytic
606,beheeyem,10,345,170,psychic,none,75,75,75,125,95,40,485,0,telepathy; synchronize; analytic
607,litwick,3,31,55,ghost,fire,50,30,55,65,55,20,275,0,flash-fire; flame-body; infiltrator
608,lampent,6,130,130,ghost,fire,60,40,60,95,60,55,370,0,flash-fire; flame-body; infiltrator
609,chandelure,10,343,234,ghost,fire,60,55,90,145,90,80,520,1,flash-fire; flame-body; infiltrator
610,axew,6,180,64,dragon,none,46,87,60,30,40,57,320,0,rivalry; mold-breaker; unnerve
611,fraxure,10,360,144,dragon,none,66,117,70,40,50,67,410,0,rivalry; mold-breaker; unnerve
612,haxorus,18,1055,243,dragon,none,76,147,90,60,70,97,540,1,rivalry; mold-breaker; unnerve
613,cubchoo,5,85,61,ice,none,55,70,40,60,40,40,305,0,snow-cloak; slush-rush; rattled
614,beartic,26,2600,177,ice,none,95,130,80,70,80,50,505,1,snow-cloak; slush-rush; swift-swim
615,cryogonal,11,1480,180,ice,none,80,50,50,95,135,105,515,1,levitate
616,shelmet,4,77,61,bug,none,50,40,85,40,65,25,305,0,hydration; shell-armor; overcoat
617,accelgor,8,253,173,bug,none,80,70,40,100,60,145,495,0,hydration; sticky-hold; unburden
618,stunfisk,7,110,165,ground,electric,109,66,84,81,99,32,471,0,static; limber; sand-veil
619,mienfoo,9,200,70,fighting,none,45,85,50,55,50,65,350,0,inner-focus; regenerator; reckless
620,mienshao,14,355,179,fighting,none,65,125,60,95,60,105,510,1,inner-focus; regenerator; reckless
621,druddigon,16,1390,170,dragon,none,77,120,90,60,90,48,485,0,rough-skin; sheer-force; mold-breaker
622,golett,10,920,61,ground,ghost,59,74,50,35,50,35,303,0,iron-fist; klutz; no-guard
623,golurk,28,3300,169,ground,ghost,89,124,80,55,80,55,483,0,iron-fist; klutz; no-guard
624,pawniard,5,102,68,dark,steel,45,85,70,40,40,60,340,0,defiant; inner-focus; pressure
625,bisharp,16,700,172,dark,steel,65,125,100,60,70,70,490,0,defiant; inner-focus; pressure
626,bouffalant,16,946,172,normal,none,95,110,95,40,95,55,490,0,reckless; sap-sipper; soundproof
627,rufflet,5,105,70,normal,flying,70,83,50,37,50,60,350,0,keen-eye; sheer-force; hustle
628,braviary,15,410,179,normal,flying,100,123,75,57,75,80,510,1,keen-eye; sheer-force; defiant
629,vullaby,5,90,74,dark,flying,70,55,75,45,65,60,370,0,big-pecks; overcoat; weak-armor
630,mandibuzz,12,395,179,dark,flying,110,65,105,55,95,80,510,1,big-pecks; overcoat; weak-armor
631,heatmor,14,580,169,fire,none,85,97,66,105,66,65,484,0,gluttony; flash-fire; white-smoke
632,durant,3,330,169,bug,steel,58,109,112,48,48,109,484,0,swarm; hustle; truant
633,deino,8,173,60,dark,dragon,52,65,50,45,50,38,300,0,hustle
634,zweilous,14,500,147,dark,dragon,72,85,70,65,70,58,420,0,hustle
635,hydreigon,18,1600,270,dark,dragon,92,105,90,125,90,98,600,1,levitate
636,larvesta,11,288,72,bug,fire,55,85,55,50,55,60,360,0,flame-body; swarm
637,volcarona,16,460,248,bug,fire,85,60,65,135,105,100,550,1,flame-body; swarm
638,cobalion,21,2500,261,steel,fighting,91,90,129,90,72,108,580,1,justified
639,terrakion,19,2600,261,rock,fighting,91,129,90,72,90,108,580,1,justified
640,virizion,20,2000,261,grass,fighting,91,90,72,90,129,108,580,1,justified
641,tornadus-incarnate,15,630,261,flying,none,79,115,70,125,80,111,580,1,prankster; defiant
642,thundurus-incarnate,15,610,261,electric,flying,79,115,70,125,80,111,580,1,prankster; defiant
643,reshiram,32,3300,306,dragon,fire,100,120,100,150,120,90,680,1,turboblaze
644,zekrom,29,3450,306,dragon,electric,100,150,120,120,100,90,680,1,teravolt
645,landorus-incarnate,15,680,270,ground,flying,89,125,90,115,80,101,600,1,sand-force; sheer-force
646,kyurem,30,3250,297,dragon,ice,125,130,90,130,90,95,660,1,pressure
647,keldeo-ordinary,14,485,261,water,fighting,91,72,90,129,90,108,580,1,justified
648,meloetta-aria,6,65,270,normal,psychic,100,77,77,128,128,90,600,1,serene-grace
649,genesect,15,825,270,bug,steel,71,120,95,120,95,99,600,1,download
650,chespin,4,90,63,grass,none,56,61,65,48,45,38,313,0,overgrow; bulletproof
651,quilladin,7,290,142,grass,none,61,78,95,56,58,57,405,0,overgrow; bulletproof
652,chesnaught,16,900,239,grass,fighting,88,107,122,74,75,64,530,1,overgrow; bulletproof
653,fennekin,4,94,61,fire,none,40,45,40,62,60,60,307,0,blaze; magician
654,braixen,10,145,143,fire,none,59,59,58,90,70,73,409,0,blaze; magician
655,delphox,15,390,240,fire,psychic,75,69,72,114,100,104,534,1,blaze; magician
656,froakie,3,70,63,water,none,41,56,40,62,44,71,314,0,torrent; protean
657,frogadier,6,109,142,water,none,54,63,52,83,56,97,405,0,torrent; protean
658,greninja,15,400,239,water,dark,72,95,67,103,71,122,530,1,torrent; protean
659,bunnelby,4,50,47,normal,none,38,36,38,32,36,57,237,0,pickup; cheek-pouch; huge-power
660,diggersby,10,424,148,normal,ground,85,56,77,50,77,78,423,0,pickup; cheek-pouch; huge-power
661,fletchling,3,17,56,normal,flying,45,50,43,40,38,62,278,0,big-pecks; gale-wings
662,fletchinder,7,160,134,fire,flying,62,73,55,56,52,84,382,0,flame-body; gale-wings
663,talonflame,12,245,175,fire,flying,78,81,71,74,69,126,499,0,flame-body; gale-wings
664,scatterbug,3,25,40,bug,none,38,35,40,27,25,35,200,0,shield-dust; compound-eyes; friend-guard
665,spewpa,3,84,75,bug,none,45,22,60,27,30,29,213,0,shed-skin; friend-guard
666,vivillon,12,170,185,bug,flying,80,52,50,90,50,89,411,0,shield-dust; compound-eyes; friend-guard
667,litleo,6,135,74,fire,normal,62,50,58,73,54,72,369,0,rivalry; unnerve; moxie
668,pyroar-male,15,815,177,fire,normal,86,68,72,109,66,106,507,1,rivalry; unnerve; moxie
669,flabebe,1,1,61,fairy,none,44,38,39,61,79,42,303,0,flower-veil; symbiosis
670,floette,2,9,130,fairy,none,54,45,47,75,98,52,371,0,flower-veil; symbiosis
671,florges,11,100,248,fairy,none,78,65,68,112,154,75,552,1,flower-veil; symbiosis
672,skiddo,9,310,70,grass,none,66,65,48,62,57,52,350,0,sap-sipper; grass-pelt
673,gogoat,17,910,186,grass,none,123,100,62,97,81,68,531,1,sap-sipper; grass-pelt
674,pancham,6,80,70,fighting,none,67,82,62,46,48,43,348,0,iron-fist; mold-breaker; scrappy
675,pangoro,21,1360,173,fighting,dark,95,124,78,69,71,58,495,0,iron-fist; mold-breaker; scrappy
676,furfrou,12,280,165,normal,none,75,80,60,65,90,102,472,0,fur-coat
677,espurr,3,35,71,psychic,none,62,48,54,63,60,68,355,0,keen-eye; infiltrator; own-tempo
678,meowstic-male,6,85,163,psychic,none,74,48,76,83,81,104,466,0,keen-eye; infiltrator; prankster
679,honedge,8,20,65,steel,ghost,45,80,100,35,37,28,325,0,no-guard
680,doublade,8,45,157,steel,ghost,59,110,150,45,49,35,448,0,no-guard
681,aegislash-shield,17,530,234,steel,ghost,60,50,140,50,140,60,500,1,stance-change
682,spritzee,2,5,68,fairy,none,78,52,60,63,65,23,341,0,healer; aroma-veil
683,aromatisse,8,155,162,fairy,none,101,72,72,99,89,29,462,0,healer; aroma-veil
684,swirlix,4,35,68,fairy,none,62,48,66,59,57,49,341,0,sweet-veil; unburden
685,slurpuff,8,50,168,fairy,none,82,80,86,85,75,72,480,0,sweet-veil; unburden
686,inkay,4,35,58,dark,psychic,53,54,53,37,46,45,288,0,contrary; suction-cups; infiltrator
687,malamar,15,470,169,dark,psychic,86,92,88,68,75,73,482,0,contrary; suction-cups; infiltrator
688,binacle,5,310,61,rock,water,42,52,67,39,56,50,306,0,tough-claws; sniper; pickpocket
689,barbaracle,13,960,175,rock,water,72,105,115,54,86,68,500,1,tough-claws; sniper; pickpocket
690,skrelp,5,73,64,poison,water,50,60,60,60,60,30,320,0,poison-point; poison-touch; adaptability
691,dragalge,18,815,173,poison,dragon,65,75,90,97,123,44,494,0,poison-point; poison-touch; adaptability
692,clauncher,5,83,66,water,none,50,53,62,58,63,44,330,0,mega-launcher
693,clawitzer,13,353,100,water,none,71,73,88,120,89,59,500,1,mega-launcher
694,helioptile,5,60,58,electric,normal,44,38,33,61,43,70,289,0,dry-skin; sand-veil; solar-power
695,heliolisk,10,210,168,electric,normal,62,55,52,109,94,109,481,0,dry-skin; sand-veil; solar-power
696,tyrunt,8,260,72,rock,dragon,58,89,77,45,45,48,362,0,strong-jaw; sturdy
697,tyrantrum,25,2700,182,rock,dragon,82,121,119,69,59,71,521,1,strong-jaw; rock-head
698,amaura,13,252,72,rock,ice,77,59,50,67,63,46,362,0,refrigerate; snow-warning
699,aurorus,27,2250,104,rock,ice,123,77,72,99,92,58,521,1,refrigerate; snow-warning
700,sylveon,10,235,184,fairy,none,95,65,65,110,130,60,525,1,cute-charm; pixilate
701,hawlucha,8,215,175,fighting,flying,78,92,75,74,63,118,500,1,limber; unburden; mold-breaker
702,dedenne,2,22,151,electric,fairy,67,58,57,81,67,101,431,0,cheek-pouch; pickup; plus
703,carbink,3,57,100,rock,fairy,50,50,150,50,150,50,500,1,clear-body; sturdy
704,goomy,3,28,60,dragon,none,45,50,35,55,75,40,300,0,sap-sipper; hydration; gooey
705,sliggoo,8,175,158,dragon,none,68,75,53,83,113,60,452,0,sap-sipper; hydration; gooey
706,goodra,20,1505,270,dragon,none,90,100,70,110,150,80,600,1,sap-sipper; hydration; gooey
707,klefki,2,30,165,steel,fairy,57,80,91,80,87,75,470,0,prankster; magician
708,phantump,4,70,62,ghost,grass,43,70,48,50,60,38,309,0,natural-cure; frisk; harvest
709,trevenant,15,710,166,ghost,grass,85,110,76,65,82,56,474,0,natural-cure; frisk; harvest
710,pumpkaboo-average,4,50,67,ghost,grass,49,66,70,44,55,51,335,0,pickup; frisk; insomnia
711,gourgeist-average,9,125,173,ghost,grass,65,90,122,58,75,84,494,0,pickup; frisk; insomnia
712,bergmite,10,995,61,ice,none,55,69,85,32,35,28,304,0,own-tempo; ice-body; sturdy
713,avalugg,20,5050,180,ice,none,95,117,184,44,46,28,514,1,own-tempo; ice-body; sturdy
714,noibat,5,80,49,flying,dragon,40,30,35,45,40,55,245,0,frisk; infiltrator; telepathy
715,noivern,15,850,187,flying,dragon,85,70,80,97,80,123,535,1,frisk; infiltrator; telepathy
716,xerneas,30,2150,306,fairy,none,126,131,95,131,98,99,680,1,fairy-aura
717,yveltal,58,2030,306,dark,flying,126,131,95,131,98,99,680,1,dark-aura
718,zygarde-50,50,3050,270,dragon,ground,108,100,121,81,95,95,600,1,aura-break
719,diancie,7,88,270,rock,fairy,50,100,150,100,150,50,600,1,clear-body
720,hoopa,5,90,270,psychic,ghost,80,110,60,150,130,70,600,1,magician
721,volcanion,17,1950,270,fire,water,80,110,120,130,90,70,600,1,water-absorb
722,rowlet,3,15,64,grass,flying,68,55,55,50,50,42,320,0,overgrow; long-reach
723,dartrix,7,160,147,grass,flying,78,75,75,70,70,52,420,0,overgrow; long-reach
724,decidueye,16,366,239,grass,ghost,78,107,75,100,100,70,530,1,overgrow; long-reach
725,litten,4,43,64,fire,none,45,65,40,60,40,70,320,0,blaze; intimidate
726,torracat,7,250,147,fire,none,65,85,50,80,50,90,420,0,blaze; intimidate
727,incineroar,18,830,239,fire,dark,95,115,90,80,90,60,530,1,blaze; intimidate
728,popplio,4,75,64,water,none,50,54,54,66,56,40,320,0,torrent; liquid-voice
729,brionne,6,175,147,water,none,60,69,69,91,81,50,420,0,torrent; liquid-voice
730,primarina,18,440,239,water,fairy,80,74,74,126,116,60,530,1,torrent; liquid-voice
731,pikipek,3,12,53,normal,flying,35,75,30,30,30,65,265,0,keen-eye; skill-link; pickup
732,trumbeak,6,148,124,normal,flying,55,85,50,40,50,75,355,0,keen-eye; skill-link; pickup
733,toucannon,11,260,218,normal,flying,80,120,75,75,75,60,485,0,keen-eye; skill-link; sheer-force
734,yungoos,4,60,51,normal,none,48,70,30,30,30,45,253,0,stakeout; strong-jaw; adaptability
735,gumshoos,7,142,146,normal,none,88,110,60,55,60,45,418,0,stakeout; strong-jaw; adaptability
736,grubbin,4,44,60,bug,none,47,62,45,55,45,46,300,0,swarm
737,charjabug,5,105,140,bug,electric,57,82,95,55,75,36,400,0,battery
738,vikavolt,15,450,225,bug,electric,77,70,90,145,75,43,500,1,levitate
739,crabrawler,6,70,68,fighting,none,47,82,57,42,47,63,338,0,hyper-cutter; iron-fist; anger-point
740,crabominable,17,1800,167,fighting,ice,97,132,77,62,67,43,478,0,hyper-cutter; iron-fist; anger-point
741,oricorio-baile,6,34,167,fire,flying,75,70,70,98,70,93,476,0,dancer
742,cutiefly,1,2,61,bug,fairy,40,45,40,55,40,84,304,0,honey-gather; shield-dust; sweet-veil
743,ribombee,2,5,162,bug,fairy,60,55,60,95,70,124,464,0,honey-gather; shield-dust; sweet-veil
744,rockruff,5,92,56,rock,none,45,65,40,30,40,60,280,0,keen-eye; vital-spirit; steadfast
745,lycanroc-midday,8,250,170,rock,none,75,115,65,55,65,112,487,0,keen-eye; sand-rush; steadfast
746,wishiwashi-solo,2,3,61,water,none,45,20,20,25,25,40,175,0,schooling
747,mareanie,4,80,61,poison,water,50,53,62,43,52,45,305,0,merciless; limber; regenerator
748,toxapex,7,145,173,poison,water,50,63,152,53,142,35,495,0,merciless; limber; regenerator
749,mudbray,10,1100,77,ground,none,70,100,70,45,55,45,385,0,own-tempo; stamina; inner-focus
750,mudsdale,25,9200,175,ground,none,100,125,100,55,85,35,500,1,own-tempo; stamina; inner-focus
751,dewpider,3,40,54,water,bug,38,40,52,40,72,27,269,0,water-bubble; water-absorb
752,araquanid,18,820,159,water,bug,68,70,92,50,132,42,454,0,water-bubble; water-absorb
753,fomantis,3,15,50,grass,none,40,55,35,50,35,35,250,0,leaf-guard; contrary
754,lurantis,9,185,168,grass,none,70,105,90,80,90,45,480,0,leaf-guard; contrary
755,morelull,2,15,57,grass,fairy,40,35,55,65,75,15,285,0,illuminate; effect-spore; rain-dish
756,shiinotic,10,115,142,grass,fairy,60,45,80,90,100,30,405,0,illuminate; effect-spore; rain-dish
757,salandit,6,48,64,poison,fire,48,44,40,71,40,77,320,0,corrosion; oblivious
758,salazzle,12,222,168,poison,fire,68,64,60,111,60,117,480,0,corrosion; oblivious
759,stufful,5,68,68,normal,fighting,70,75,50,45,50,50,340,0,fluffy; klutz; cute-charm
760,bewear,21,1350,175,normal,fighting,120,125,80,55,60,60,500,1,fluffy; klutz; unnerve
761,bounsweet,3,32,42,grass,none,42,30,38,30,38,32,210,0,leaf-guard; oblivious; sweet-veil
762,steenee,7,82,102,grass,none,52,40,48,40,48,62,290,0,leaf-guard; oblivious; sweet-veil
763,tsareena,12,214,230,grass,none,72,120,98,50,98,72,510,1,leaf-guard; queenly-majesty; sweet-veil
764,comfey,1,3,170,fairy,none,51,52,90,82,110,100,485,0,flower-veil; triage; natural-cure
765,oranguru,15,760,172,normal,psychic,90,60,80,90,110,60,490,0,inner-focus; telepathy; symbiosis
766,passimian,20,828,172,fighting,none,100,120,90,40,60,80,490,0,receiver; defiant
767,wimpod,5,120,46,bug,water,25,35,40,20,30,80,230,0,wimp-out
768,golisopod,20,1080,186,bug,water,75,125,140,60,90,40,530,1,emergency-exit
769,sandygast,5,700,64,ghost,ground,55,55,80,70,45,15,320,0,water-compaction; sand-veil
770,palossand,13,2500,168,ghost,ground,85,75,110,100,75,35,480,0,water-compaction; sand-veil
771,pyukumuku,3,12,144,water,none,55,60,130,30,130,5,410,0,innards-out; unaware
772,type-null,19,1205,107,normal,none,95,95,95,95,95,59,534,1,battle-armor
773,silvally,23,1005,257,normal,none,95,95,95,95,95,95,570,1,rks-system
774,minior-red-meteor,3,400,154,rock,flying,60,60,100,60,100,60,440,0,shields-down
775,komala,4,199,168,normal,none,65,115,65,75,95,65,480,0,comatose
776,turtonator,20,2120,170,fire,dragon,60,78,135,91,85,36,485,0,shell-armor
777,togedemaru,3,33,152,electric,steel,65,98,63,40,73,96,435,0,iron-barbs; lightning-rod; sturdy
778,mimikyu-disguised,2,7,167,ghost,fairy,55,90,80,50,105,96,476,0,disguise
779,bruxish,9,190,166,water,psychic,68,105,70,70,70,92,475,0,dazzling; strong-jaw; wonder-skin
780,drampa,30,1850,170,normal,dragon,78,60,85,135,91,36,485,0,berserk; sap-sipper; cloud-nine
781,dhelmise,39,2100,181,ghost,grass,70,131,100,86,90,40,517,1,steelworker
782,jangmo-o,6,297,60,dragon,none,45,55,65,45,45,45,300,0,bulletproof; soundproof; overcoat
783,hakamo-o,12,470,147,dragon,fighting,55,75,90,65,70,65,420,0,bulletproof; soundproof; overcoat
784,kommo-o,16,782,270,dragon,fighting,75,110,125,100,105,85,600,1,bulletproof; soundproof; overcoat
785,tapu-koko,18,205,257,electric,fairy,70,115,85,95,75,130,570,1,electric-surge; telepathy
786,tapu-lele,12,186,257,psychic,fairy,70,85,75,130,115,95,570,1,psychic-surge; telepathy
787,tapu-bulu,19,455,257,grass,fairy,70,130,115,85,95,75,570,1,grassy-surge; telepathy
788,tapu-fini,13,212,257,water,fairy,70,75,115,95,130,85,570,1,misty-surge; telepathy
789,cosmog,2,1,40,psychic,none,43,29,31,29,31,37,200,0,unaware
790,cosmoem,1,9999,140,psychic,none,43,29,131,29,131,37,400,0,sturdy
791,solgaleo,34,2300,306,psychic,steel,137,137,107,113,89,97,680,1,full-metal-body
792,lunala,40,1200,306,psychic,ghost,137,113,89,137,107,97,680,1,shadow-shield
793,nihilego,12,555,257,rock,poison,109,53,47,127,131,103,570,1,beast-boost
794,buzzwole,24,3336,257,bug,fighting,107,139,139,53,53,79,570,1,beast-boost
795,pheromosa,18,250,257,bug,fighting,71,137,37,137,37,151,570,1,beast-boost
796,xurkitree,38,1000,257,electric,none,83,89,71,173,71,83,570,1,beast-boost
797,celesteela,92,9999,257,steel,flying,97,101,103,107,101,61,570,1,beast-boost
798,kartana,3,1,257,grass,steel,59,181,131,59,31,109,570,1,beast-boost
799,guzzlord,55,8880,257,dark,dragon,223,101,53,97,53,43,570,1,beast-boost
800,necrozma,24,2300,270,psychic,none,97,107,101,127,89,79,600,1,prism-armor
801,magearna,10,805,270,steel,fairy,80,95,115,130,115,65,600,1,soul-heart
802,marshadow,7,222,270,fighting,ghost,90,125,80,90,90,125,600,1,technician
803,poipole,6,18,189,poison,none,67,73,67,73,67,73,420,0,beast-boost
804,naganadel,36,1500,243,poison,dragon,73,73,73,127,73,121,540,1,beast-boost
805,stakataka,55,8200,257,rock,steel,61,131,211,53,101,13,570,1,beast-boost
806,blacephalon,18,130,257,fire,ghost,53,127,53,151,79,107,570,1,beast-boost
807,zeraora,15,445,270,electric,none,88,112,75,102,80,143,600,1,volt-absorb
808,meltan,2,80,135,steel,none,46,65,65,55,35,34,300,0,magnet-pull
809,melmetal,25,8000,270,steel,none,135,143,143,80,65,34,600,1,iron-fist
810,grookey,3,50,62,grass,none,50,65,50,40,40,65,310,0,overgrow; grassy-surge
811,thwackey,7,140,147,grass,none,70,85,70,55,60,80,420,0,overgrow; grassy-surge
812,rillaboom,21,900,265,grass,none,100,125,90,60,70,85,530,1,overgrow; grassy-surge
813,scorbunny,3,45,62,fire,none,50,71,40,40,40,69,310,0,blaze; libero
814,raboot,6,90,147,fire,none,65,86,60,55,60,94,420,0,blaze; libero
815,cinderace,14,330,265,fire,none,80,116,75,65,75,119,530,1,blaze; libero
816,sobble,3,40,62,water,none,50,40,40,70,40,70,310,0,torrent; sniper
817,drizzile,7,115,147,water,none,65,60,55,95,55,90,420,0,torrent; sniper
818,inteleon,19,452,265,water,none,70,85,65,125,65,120,530,1,torrent; sniper
819,skwovet,3,25,55,normal,none,70,55,55,35,35,25,275,0,cheek-pouch; gluttony
820,greedent,6,60,161,normal,none,120,95,95,55,75,20,460,0,cheek-pouch; gluttony
821,rookidee,2,18,49,flying,none,38,47,35,33,35,57,245,0,keen-eye; unnerve; big-pecks
822,corvisquire,8,160,128,flying,none,68,67,55,43,55,77,365,0,keen-eye; unnerve; big-pecks
823,corviknight,22,750,248,flying,steel,98,87,105,53,85,67,495,0,pressure; unnerve; mirror-armor
824,blipbug,4,80,36,bug,none,25,20,20,25,45,45,180,0,swarm; compound-eyes; telepathy
825,dottler,4,195,117,bug,psychic,50,35,80,50,90,30,335,0,swarm; compound-eyes; telepathy
826,orbeetle,4,408,253,bug,psychic,60,45,110,80,120,90,505,1,swarm; frisk; telepathy
827,nickit,6,89,49,dark,none,40,28,28,47,52,50,245,0,run-away; unburden; stakeout
828,thievul,12,199,159,dark,none,70,58,58,87,92,90,455,0,run-away; unburden; stakeout
829,gossifleur,4,22,50,grass,none,40,40,60,40,60,10,250,0,cotton-down; regenerator; effect-spore
830,eldegoss,5,25,161,grass,none,60,50,90,80,120,60,460,0,cotton-down; regenerator; effect-spore
831,wooloo,6,60,122,normal,none,42,40,55,40,45,48,270,0,fluffy; run-away; bulletproof
832,dubwool,13,430,172,normal,none,72,80,100,60,90,88,490,0,fluffy; steadfast; bulletproof
833,chewtle,3,85,57,water,none,50,64,50,38,38,44,284,0,strong-jaw; shell-armor; swift-swim
834,drednaw,10,1155,170,water,rock,90,115,90,48,68,74,485,0,strong-jaw; shell-armor; swift-swim
835,yamper,3,135,54,electric,none,59,45,50,40,50,26,270,0,ball-fetch; rattled
836,boltund,10,340,172,electric,none,69,90,60,90,60,121,490,0,strong-jaw; competitive
837,rolycoly,3,120,48,rock,none,30,40,50,40,50,30,240,0,steam-engine; heatproof; flash-fire
838,carkol,11,780,144,rock,fire,80,60,90,60,70,50,410,0,steam-engine; flame-body; flash-fire
839,coalossal,28,3105,255,rock,fire,110,80,120,80,90,30,510,1,steam-engine; flame-body; flash-fire
840,applin,2,5,52,grass,dragon,40,40,80,40,40,20,260,0,ripen; gluttony; bulletproof
841,flapple,3,10,170,grass,dragon,70,110,80,95,60,70,485,0,ripen; gluttony; hustle
842,appletun,4,130,170,grass,dragon,110,85,80,100,80,30,485,0,ripen; gluttony; thick-fat
843,silicobra,22,76,63,ground,none,52,57,75,35,50,46,315,0,sand-spit; shed-skin; sand-veil
844,sandaconda,38,655,179,ground,none,72,107,125,65,70,71,510,1,sand-spit; shed-skin; sand-veil
845,cramorant,8,180,166,flying,water,70,85,55,85,95,85,475,0,gulp-missile
846,arrokuda,5,10,56,water,none,41,63,40,40,30,66,280,0,swift-swim; propeller-tail
847,barraskewda,13,300,172,water,none,61,123,60,60,50,136,490,0,swift-swim; propeller-tail
848,toxel,4,110,48,electric,poison,40,38,35,54,35,40,242,0,rattled; static; klutz
849,toxtricity-amped,16,400,176,electric,poison,75,98,70,114,70,75,502,1,punk-rock; plus; technician
850,sizzlipede,7,10,61,fire,bug,50,65,45,50,50,45,305,0,flash-fire; white-smoke; flame-body
851,centiskorch,30,1200,184,fire,bug,100,115,65,90,90,65,525,1,flash-fire; white-smoke; flame-body
852,clobbopus,6,40,62,fighting,none,50,68,60,50,50,32,310,0,limber; technician
853,grapploct,16,390,168,fighting,none,80,118,90,70,80,42,480,0,limber; technician
854,sinistea,1,2,62,ghost,none,40,45,45,74,54,50,308,0,weak-armor; cursed-body
855,polteageist,2,4,178,ghost,none,60,65,65,134,114,70,508,1,weak-armor; cursed-body
856,hatenna,4,34,53,psychic,none,42,30,45,56,53,39,265,0,healer; anticipation; magic-bounce
857,hattrem,6,48,130,psychic,none,57,40,65,86,73,49,370,0,healer; anticipation; magic-bounce
858,hatterene,21,51,255,psychic,fairy,57,90,95,136,103,29,510,1,healer; anticipation; magic-bounce
859,impidimp,4,55,53,dark,fairy,45,45,30,55,40,50,265,0,prankster; frisk; pickpocket
860,morgrem,8,125,130,dark,fairy,65,60,45,75,55,70,370,0,prankster; frisk; pickpocket
861,grimmsnarl,15,610,255,dark,fairy,95,120,65,95,75,60,510,1,prankster; frisk; pickpocket
862,obstagoon,16,460,260,dark,normal,93,90,101,60,81,95,520,1,reckless; guts; defiant
863,perrserker,8,280,154,steel,none,70,110,100,50,60,50,440,0,battle-armor; tough-claws; steely-spirit
864,cursola,10,4,179,ghost,none,60,95,50,145,130,30,510,1,weak-armor; perish-body
865,sirfetchd,8,1170,177,fighting,none,62,135,95,68,82,65,507,1,steadfast; scrappy
866,mr-rime,15,582,182,ice,psychic,80,85,75,110,100,70,520,1,tangled-feet; screen-cleaner; ice-body
867,runerigus,16,666,169,ground,ghost,58,95,145,50,105,30,483,0,wandering-spirit
868,milcery,2,3,54,fairy,none,45,40,40,50,61,34,270,0,sweet-veil; aroma-veil
869,alcremie,3,5,173,fairy,none,65,60,75,110,121,64,495,0,sweet-veil; aroma-veil
870,falinks,30,620,165,fighting,none,65,100,100,70,60,75,470,0,battle-armor; defiant
871,pincurchin,3,10,152,electric,none,48,101,95,91,85,15,435,0,lightning-rod; electric-surge
872,snom,3,38,37,ice,bug,30,25,35,45,30,20,185,0,shield-dust; ice-scales
873,frosmoth,13,420,166,ice,bug,70,65,60,125,90,65,475,0,shield-dust; ice-scales
874,stonjourner,25,5200,165,rock,none,100,125,135,20,20,70,470,0,power-spot
875,eiscue-ice,14,890,165,ice,none,75,80,110,65,90,50,470,0,ice-face
876,indeedee-male,9,280,166,psychic,normal,60,65,55,105,95,95,475,0,inner-focus; synchronize; psychic-surge
877,morpeko-full-belly,3,30,153,electric,dark,58,95,58,70,58,97,436,0,hunger-switch
878,cufant,12,1000,66,steel,none,72,80,49,40,49,40,330,0,sheer-force; heavy-metal
879,copperajah,30,6500,175,steel,none,122,130,69,80,69,30,500,1,sheer-force; heavy-metal
880,dracozolt,18,1900,177,electric,dragon,90,100,90,80,70,75,505,1,volt-absorb; hustle; sand-rush
881,arctozolt,23,1500,177,electric,ice,90,100,90,90,80,55,505,1,volt-absorb; static; slush-rush
882,dracovish,23,2150,177,water,dragon,90,90,100,70,80,75,505,1,water-absorb; strong-jaw; sand-rush
883,arctovish,20,1750,177,water,ice,90,90,100,80,90,55,505,1,water-absorb; ice-body; slush-rush
884,duraludon,18,400,187,steel,dragon,70,95,115,120,50,85,535,1,light-metal; heavy-metal; stalwart
885,dreepy,5,20,54,dragon,ghost,28,60,30,40,30,82,270,0,clear-body; infiltrator; cursed-body
886,drakloak,14,110,144,dragon,ghost,68,80,50,60,50,102,410,0,clear-body; infiltrator; cursed-body
887,dragapult,30,500,300,dragon,ghost,88,120,75,100,75,142,600,1,clear-body; infiltrator; cursed-body
888,zacian,28,1100,335,fairy,none,92,120,115,80,115,138,660,1,intrepid-sword
889,zamazenta,29,2100,335,fighting,none,92,120,115,80,115,138,660,1,dauntless-shield
890,eternatus,200,9500,345,poison,dragon,140,85,95,145,95,130,690,1,pressure
891,kubfu,6,120,77,fighting,none,60,90,60,53,50,72,385,0,inner-focus
892,urshifu-single-strike,19,1050,275,fighting,dark,100,130,100,63,60,97,550,1,unseen-fist
893,zarude,18,700,300,dark,grass,105,120,105,70,95,105,600,1,leaf-guard
894,regieleki,12,1450,290,electric,none,80,100,50,100,50,200,580,1,transistor
895,regidrago,21,2000,290,dragon,none,200,100,50,100,50,80,580,1,dragons-maw
896,glastrier,22,8000,290,ice,none,100,145,130,65,110,30,580,1,chilling-neigh
897,spectrier,20,445,290,ghost,none,100,65,60,145,80,130,580,1,grim-neigh
898,calyrex,11,77,250,psychic,grass,100,80,80,80,80,80,500,1,unnerve
899,wyrdeer,18,951,263,normal,psychic,103,105,72,105,75,65,525,1,intimidate; frisk; sap-sipper
900,kleavor,18,890,175,bug,rock,70,135,95,45,70,85,500,1,swarm; sheer-force; sharpness
901,ursaluna,24,2900,275,ground,normal,130,140,105,45,80,50,550,1,guts; bulletproof; unnerve
902,basculegion-male,30,1100,265,water,ghost,120,112,65,80,75,78,530,1,swift-swim; adaptability; mold-breaker
903,sneasler,13,430,102,fighting,poison,80,130,60,40,80,120,510,1,pressure; unburden; poison-touch
904,overqwil,25,605,179,dark,poison,85,115,95,65,65,85,510,1,poison-point; swift-swim; intimidate
905,enamorus-incarnate,16,480,116,fairy,flying,74,115,70,135,80,106,580,1,cute-charm; contrary
906,sprigatito,4,41,62,grass,none,40,61,54,45,45,65,310,0,overgrow; protean
907,floragato,9,122,144,grass,none,61,80,63,60,63,83,410,0,overgrow; protean
908,meowscarada,15,312,265,grass,dark,76,110,70,81,70,123,530,1,overgrow; protean
909,fuecoco,4,98,62,fire,none,67,45,59,63,40,36,310,0,blaze; unaware
910,crocalor,10,307,144,fire,none,81,55,78,90,58,49,411,0,blaze; unaware
911,skeledirge,16,3265,265,fire,ghost,104,75,100,110,75,66,530,1,blaze; unaware
912,quaxly,5,61,62,water,none,55,65,45,50,45,50,310,0,torrent; moxie
913,quaxwell,12,215,144,water,none,70,85,65,65,60,65,410,0,torrent; moxie
914,quaquaval,18,619,265,water,fighting,85,120,80,85,75,85,530,1,torrent; moxie
915,lechonk,5,102,51,normal,none,54,45,40,35,45,35,254,0,aroma-veil; gluttony; thick-fat
916,oinkologne-male,10,1200,171,normal,none,110,100,75,59,80,65,489,0,lingering-aroma; gluttony; thick-fat
917,tarountula,3,40,42,bug,none,35,41,45,29,40,20,210,0,insomnia; stakeout
918,spidops,10,165,141,bug,none,60,79,92,52,86,35,404,0,insomnia; stakeout
919,nymble,2,10,42,bug,none,33,46,40,21,25,45,210,0,swarm; tinted-lens
920,lokix,10,175,158,bug,dark,71,102,78,52,55,92,450,0,swarm; tinted-lens
921,pawmi,3,25,48,electric,none,45,50,20,40,25,60,240,0,static; natural-cure; iron-fist
922,pawmo,4,65,123,electric,fighting,60,75,40,50,40,85,350,0,volt-absorb; natural-cure; iron-fist
923,pawmot,9,410,245,electric,fighting,70,115,70,70,60,105,490,0,volt-absorb; natural-cure; iron-fist
924,tandemaus,3,18,61,normal,none,50,50,45,40,45,75,305,0,run-away; pickup; own-tempo
925,maushold-family-of-four,3,23,165,normal,none,74,75,70,65,75,111,470,0,friend-guard; cheek-pouch; technician
926,fidough,3,109,62,fairy,none,37,55,70,30,55,65,312,0,own-tempo; klutz
927,dachsbun,5,149,167,fairy,none,57,80,115,50,80,95,477,0,well-baked-body; aroma-veil
928,smoliv,3,65,52,grass,normal,41,35,45,58,51,30,260,0,early-bird; harvest
929,dolliv,6,119,124,grass,normal,52,53,60,78,78,33,354,0,early-bird; harvest
930,arboliva,14,482,255,grass,normal,78,69,90,125,109,39,510,1,seed-sower; harvest
931,squawkabilly-green-plumage,6,24,146,normal,flying,82,96,51,45,51,92,417,0,intimidate; hustle; guts
932,nacli,4,160,56,rock,none,55,55,75,35,35,25,280,0,purifying-salt; sturdy; clear-body
933,naclstack,6,1050,124,rock,none,60,60,100,35,65,35,355,0,purifying-salt; sturdy; clear-body
934,garganacl,23,2400,250,rock,none,100,100,130,45,90,35,500,1,purifying-salt; sturdy; clear-body
935,charcadet,6,105,51,fire,none,40,50,40,50,40,35,255,0,flash-fire; flame-body
936,armarouge,15,850,263,fire,psychic,85,60,100,125,80,75,525,1,flash-fire; weak-armor
937,ceruledge,16,620,263,fire,ghost,75,125,80,60,100,85,525,1,flash-fire; weak-armor
938,tadbulb,3,4,54,electric,none,61,31,41,59,35,45,272,0,own-tempo; static; damp
939,bellibolt,12,1130,173,electric,none,109,64,91,103,83,45,495,0,electromorphosis; static; damp
940,wattrel,4,36,56,electric,flying,40,40,35,55,40,70,280,0,wind-power; volt-absorb; competitive
941,kilowattrel,14,386,172,electric,flying,70,70,60,105,60,125,490,0,wind-power; volt-absorb; competitive
942,maschiff,5,160,68,dark,none,60,78,60,40,51,51,340,0,intimidate; run-away; stakeout
943,mabosstiff,11,610,177,dark,none,80,120,90,60,70,85,505,1,intimidate; guard-dog; stakeout
944,shroodle,2,7,58,poison,normal,40,65,35,40,35,75,290,0,unburden; pickpocket; prankster
945,grafaiai,7,272,170,poison,normal,63,95,65,80,72,110,485,0,unburden; poison-touch; prankster
946,bramblin,6,6,55,grass,ghost,40,65,30,45,35,60,275,0,wind-rider; infiltrator
947,brambleghast,12,60,168,grass,ghost,55,115,70,80,70,90,480,0,wind-rider; infiltrator
948,toedscool,9,330,67,ground,grass,40,40,35,50,100,70,335,0,mycelium-might
949,toedscruel,19,580,180,ground,grass,80,70,65,80,120,100,515,1,mycelium-might
950,klawf,13,790,158,rock,none,70,100,115,35,55,75,450,0,anger-shell; shell-armor; regenerator
951,capsakid,3,30,61,grass,none,50,62,40,62,40,50,304,0,chlorophyll; insomnia; klutz
952,scovillain,9,150,170,grass,fire,65,108,65,108,65,75,486,0,chlorophyll; insomnia; moody
953,rellor,2,10,54,bug,none,41,50,60,31,58,30,270,0,compound-eyes; shed-skin
954,rabsca,3,35,165,bug,psychic,75,50,85,115,100,45,470,0,synchronize; telepathy
955,flittle,2,15,51,psychic,none,30,35,30,55,30,75,255,0,anticipation; frisk; speed-boost
956,espathra,19,900,168,psychic,none,95,60,60,101,60,105,481,0,opportunist; frisk; speed-boost
957,tinkatink,4,89,59,fairy,steel,50,45,45,35,64,58,297,0,mold-breaker; own-tempo; pickpocket
958,tinkatuff,7,591,133,fairy,steel,65,55,55,45,82,78,380,0,mold-breaker; own-tempo; pickpocket
959,tinkaton,7,1128,253,fairy,steel,85,75,77,70,105,94,506,1,mold-breaker; own-tempo; pickpocket
960,wiglett,12,18,49,water,none,10,55,25,35,25,95,245,0,gooey; rattled; sand-veil
961,wugtrio,12,54,149,water,none,35,100,50,50,70,120,425,0,gooey; rattled; sand-veil
962,bombirdier,15,429,243,flying,dark,70,103,85,60,85,82,485,0,big-pecks; keen-eye; rocky-payload
963,finizen,13,602,63,water,none,70,45,40,45,40,75,315,0,water-veil
964,palafin-zero,13,602,160,water,none,100,70,72,53,62,100,457,0,zero-to-hero
965,varoom,10,350,60,steel,poison,45,70,63,30,45,47,300,0,overcoat; slow-start
966,revavroom,18,1200,175,steel,poison,80,119,90,54,67,90,500,1,overcoat; filter
967,cyclizar,16,630,175,dragon,normal,70,95,65,85,65,121,501,1,shed-skin; regenerator
968,orthworm,25,3100,240,steel,none,70,85,145,60,55,65,480,0,earth-eater; sand-veil
969,glimmet,7,80,70,rock,poison,48,35,42,105,60,60,350,0,toxic-debris; corrosion
970,glimmora,15,450,184,rock,poison,83,55,90,130,81,86,525,1,toxic-debris; corrosion
971,greavard,6,350,58,ghost,none,50,61,60,30,55,34,290,0,pickup; fluffy
972,houndstone,20,150,171,ghost,none,72,101,100,50,97,68,488,0,sand-rush; fluffy
973,flamigo,16,370,175,flying,fighting,82,115,74,75,64,90,500,1,scrappy; tangled-feet; costar
974,cetoddle,12,450,67,ice,none,108,68,45,30,40,43,334,0,thick-fat; snow-cloak; sheer-force
975,cetitan,45,7000,182,ice,none,170,113,65,45,55,73,521,1,thick-fat; slush-rush; sheer-force
976,veluza,25,900,167,water,psychic,90,102,73,78,65,70,478,0,mold-breaker; sharpness
977,dondozo,120,2200,265,water,none,150,100,115,65,65,35,530,1,unaware; oblivious; water-veil
978,tatsugiri-curly,3,80,166,dragon,water,68,50,60,120,95,82,475,0,commander; storm-drain
979,annihilape,12,560,268,fighting,ghost,110,115,80,50,90,90,535,1,vital-spirit; inner-focus; defiant
980,clodsire,18,2230,151,poison,ground,130,75,60,45,100,20,430,0,poison-point; water-absorb; unaware
981,farigiraf,32,1600,260,normal,psychic,120,90,70,110,70,60,520,1,cud-chew; armor-tail; sap-sipper
982,dudunsparce-two-segment,36,392,182,normal,none,125,100,80,85,75,55,520,1,serene-grace; run-away; rattled
983,kingambit,20,1200,275,dark,steel,100,135,120,60,85,50,550,1,defiant; supreme-overlord; pressure
984,great-tusk,22,3200,285,ground,fighting,115,131,131,53,53,87,570,1,protosynthesis
985,scream-tail,12,80,285,fairy,psychic,115,65,99,65,115,111,570,1,protosynthesis
986,brute-bonnet,12,210,285,grass,dark,111,127,99,79,99,55,570,1,protosynthesis
987,flutter-mane,14,40,285,ghost,fairy,55,55,55,135,135,135,570,1,protosynthesis
988,slither-wing,32,920,285,bug,fighting,85,135,79,85,105,81,570,1,protosynthesis
989,sandy-shocks,23,600,285,electric,ground,85,81,97,121,85,101,570,1,protosynthesis
990,iron-treads,9,2400,285,ground,steel,90,112,120,72,70,106,570,1,quark-drive
991,iron-bundle,6,110,285,ice,water,56,80,114,124,60,136,570,1,quark-drive
992,iron-hands,18,3807,285,fighting,electric,154,140,108,50,68,50,570,1,quark-drive
993,iron-jugulis,13,1110,285,dark,flying,94,80,86,122,80,108,570,1,quark-drive
994,iron-moth,12,360,285,fire,poison,80,70,60,140,110,110,570,1,quark-drive
995,iron-thorns,16,3030,285,rock,electric,100,134,110,70,84,72,570,1,quark-drive
996,frigibax,5,170,64,dragon,ice,65,75,45,35,45,55,320,0,thermal-exchange; ice-body
997,arctibax,8,300,148,dragon,ice,90,95,66,45,65,62,423,0,thermal-exchange; ice-body
998,baxcalibur,21,2100,300,dragon,ice,115,145,92,75,86,87,600,1,thermal-exchange; ice-body
999,gimmighoul,3,50,60,ghost,none,45,30,70,75,70,10,300,0,rattled
1000,gholdengo,12,300,275,steel,ghost,87,60,95,133,91,84,550,1,good-as-gold
1001,wo-chien,15,742,285,dark,grass,85,85,100,95,135,70,570,1,tablets-of-ruin
1002,chien-pao,19,1522,285,dark,ice,80,120,80,90,65,135,570,1,sword-of-ruin
1003,ting-lu,27,6997,285,dark,ground,155,110,125,55,80,45,570,1,vessel-of-ruin
1004,chi-yu,4,49,285,dark,fire,55,80,80,135,120,100,570,1,beads-of-ruin
1005,roaring-moon,20,3800,295,dragon,dark,105,139,71,55,101,119,590,1,protosynthesis
1006,iron-valiant,14,350,295,fairy,fighting,74,130,90,120,60,116,590,1,quark-drive
1007,koraidon,25,3030,335,fighting,dragon,100,135,115,85,100,135,670,1,orichalcum-pulse
1008,miraidon,35,2400,335,electric,dragon,100,85,100,135,115,135,670,1,hadron-engine
1009,walking-wake,35,2800,295,water,dragon,99,83,91,125,83,109,590,1,protosynthesis
1010,iron-leaves,15,1250,295,grass,psychic,90,130,88,70,108,104,590,1,quark-drive
1011,dipplin,4,97,170,grass,dragon,80,80,110,95,80,40,485,0,supersweet-syrup; gluttony; sticky-hold
1012,poltchageist,1,11,62,grass,ghost,40,45,45,74,54,50,308,0,hospitality; heatproof
1013,sinistcha,2,22,178,grass,ghost,71,60,106,121,80,70,508,1,hospitality; heatproof
1014,okidogi,18,922,278,poison,fighting,88,128,115,58,86,80,555,1,toxic-chain; guard-dog
1015,munkidori,10,122,278,poison,psychic,88,75,66,130,90,106,555,1,toxic-chain; frisk
1016,fezandipiti,14,301,278,poison,fairy,88,91,82,70,125,99,555,1,toxic-chain; technician
1017,ogerpon,12,398,275,grass,none,80,120,84,60,96,110,550,1,defiant
1018,archaludon,20,600,300,steel,dragon,90,105,130,125,65,85,600,1,stamina; sturdy; stalwart
1019,hydrapple,18,930,270,grass,dragon,106,80,110,120,80,44,540,1,supersweet-syrup; regenerator; sticky-hold
1020,gouging-fire,35,5900,295,fire,dragon,105,115,121,65,93,91,590,1,protosynthesis
1021,raging-bolt,52,4800,295,electric,dragon,125,73,91,137,89,75,590,1,protosynthesis
1022,iron-boulder,15,1625,295,rock,psychic,90,120,80,68,108,124,590,1,quark-drive
1023,iron-crown,16,1560,295,steel,psychic,90,72,100,122,108,98,590,1,quark-drive
1024,terapagos,2,65,90,normal,none,90,65,85,65,85,60,450,0,tera-shift
1025,pecharunt,3,3,300,poison,ghost,88,88,160,88,88,88,600,1,poison-puppeteer
